device,key,distribution,n,run,algorithm,wall_ms,gpu_ms,threads,maxseq,minseq,phase1_iterations,phase1_sequences,max_stack_depth,verified,gpuqsort_version,metallib_sha256,tuning_entry,os_version
Apple M5 Max,uint32,uniform,1048576,1,gpu-quicksort,7.917,1.994,512,256,4096,10,319,2,true,0.4.0,daefabcd5b9a6b33c15bbfb51561bd493900dc5a37ad5b75a09f8ca0da89ca3b,Apple M5 Max,Version 26.6.2 (Build 25G83)
Apple M5 Max,uint32,uniform,1048576,2,gpu-quicksort,5.652,1.506,512,256,4096,10,315,3,true,0.4.0,daefabcd5b9a6b33c15bbfb51561bd493900dc5a37ad5b75a09f8ca0da89ca3b,Apple M5 Max,Version 26.6.2 (Build 25G83)
Apple M5 Max,uint32,uniform,1048576,3,gpu-quicksort,3.294,1.068,512,256,4096,10,324,2,true,0.4.0,daefabcd5b9a6b33c15bbfb51561bd493900dc5a37ad5b75a09f8ca0da89ca3b,Apple M5 Max,Version 26.6.2 (Build 25G83)
Apple M5 Max,uint32,uniform,1048576,4,gpu-quicksort,2.481,0.840,512,256,4096,9,261,2,true,0.4.0,daefabcd5b9a6b33c15bbfb51561bd493900dc5a37ad5b75a09f8ca0da89ca3b,Apple M5 Max,Version 26.6.2 (Build 25G83)
Apple M5 Max,uint32,uniform,1048576,5,gpu-quicksort,2.937,0.960,512,256,4096,10,298,2,true,0.4.0,daefabcd5b9a6b33c15bbfb51561bd493900dc5a37ad5b75a09f8ca0da89ca3b,Apple M5 Max,Version 26.6.2 (Build 25G83)
Apple M5 Max,uint32,uniform,1048576,1,cpu-swift,77.219,,,,,,,,true,0.4.0,daefabcd5b9a6b33c15bbfb51561bd493900dc5a37ad5b75a09f8ca0da89ca3b,,Version 26.6.2 (Build 25G83)
Apple M5 Max,uint32,uniform,1048576,2,cpu-swift,76.825,,,,,,,,true,0.4.0,daefabcd5b9a6b33c15bbfb51561bd493900dc5a37ad5b75a09f8ca0da89ca3b,,Version 26.6.2 (Build 25G83)
Apple M5 Max,uint32,uniform,1048576,3,cpu-swift,77.090,,,,,,,,true,0.4.0,daefabcd5b9a6b33c15bbfb51561bd493900dc5a37ad5b75a09f8ca0da89ca3b,,Version 26.6.2 (Build 25G83)
Apple M5 Max,uint32,uniform,1048576,4,cpu-swift,76.574,,,,,,,,true,0.4.0,daefabcd5b9a6b33c15bbfb51561bd493900dc5a37ad5b75a09f8ca0da89ca3b,,Version 26.6.2 (Build 25G83)
Apple M5 Max,uint32,uniform,1048576,5,cpu-swift,76.791,,,,,,,,true,0.4.0,daefabcd5b9a6b33c15bbfb51561bd493900dc5a37ad5b75a09f8ca0da89ca3b,,Version 26.6.2 (Build 25G83)
Apple M5 Max,uint32,uniform,1048576,1,cpu-qsort,65.252,,,,,,,,true,0.4.0,daefabcd5b9a6b33c15bbfb51561bd493900dc5a37ad5b75a09f8ca0da89ca3b,,Version 26.6.2 (Build 25G83)
Apple M5 Max,uint32,uniform,1048576,2,cpu-qsort,64.699,,,,,,,,true,0.4.0,daefabcd5b9a6b33c15bbfb51561bd493900dc5a37ad5b75a09f8ca0da89ca3b,,Version 26.6.2 (Build 25G83)
Apple M5 Max,uint32,uniform,1048576,3,cpu-qsort,65.044,,,,,,,,true,0.4.0,daefabcd5b9a6b33c15bbfb51561bd493900dc5a37ad5b75a09f8ca0da89ca3b,,Version 26.6.2 (Build 25G83)
Apple M5 Max,uint32,uniform,1048576,4,cpu-qsort,65.419,,,,,,,,true,0.4.0,daefabcd5b9a6b33c15bbfb51561bd493900dc5a37ad5b75a09f8ca0da89ca3b,,Version 26.6.2 (Build 25G83)
Apple M5 Max,uint32,uniform,1048576,5,cpu-qsort,64.964,,,,,,,,true,0.4.0,daefabcd5b9a6b33c15bbfb51561bd493900dc5a37ad5b75a09f8ca0da89ca3b,,Version 26.6.2 (Build 25G83)
Apple M5 Max,uint32,uniform,1048576,1,cpu-stdsort,14.431,,,,,,,,true,0.4.0,daefabcd5b9a6b33c15bbfb51561bd493900dc5a37ad5b75a09f8ca0da89ca3b,,Version 26.6.2 (Build 25G83)
Apple M5 Max,uint32,uniform,1048576,2,cpu-stdsort,14.433,,,,,,,,true,0.4.0,daefabcd5b9a6b33c15bbfb51561bd493900dc5a37ad5b75a09f8ca0da89ca3b,,Version 26.6.2 (Build 25G83)
Apple M5 Max,uint32,uniform,1048576,3,cpu-stdsort,14.224,,,,,,,,true,0.4.0,daefabcd5b9a6b33c15bbfb51561bd493900dc5a37ad5b75a09f8ca0da89ca3b,,Version 26.6.2 (Build 25G83)
Apple M5 Max,uint32,uniform,1048576,4,cpu-stdsort,14.350,,,,,,,,true,0.4.0,daefabcd5b9a6b33c15bbfb51561bd493900dc5a37ad5b75a09f8ca0da89ca3b,,Version 26.6.2 (Build 25G83)
Apple M5 Max,uint32,uniform,1048576,5,cpu-stdsort,14.618,,,,,,,,true,0.4.0,daefabcd5b9a6b33c15bbfb51561bd493900dc5a37ad5b75a09f8ca0da89ca3b,,Version 26.6.2 (Build 25G83)
Apple M5 Max,uint32,uniform,2097152,1,gpu-quicksort,4.722,1.943,512,512,4096,11,634,2,true,0.4.0,daefabcd5b9a6b33c15bbfb51561bd493900dc5a37ad5b75a09f8ca0da89ca3b,Apple M5 Max,Version 26.6.2 (Build 25G83)
Apple M5 Max,uint32,uniform,2097152,2,gpu-quicksort,4.633,2.445,512,512,4096,11,532,3,true,0.4.0,daefabcd5b9a6b33c15bbfb51561bd493900dc5a37ad5b75a09f8ca0da89ca3b,Apple M5 Max,Version 26.6.2 (Build 25G83)
Apple M5 Max,uint32,uniform,2097152,3,gpu-quicksort,4.456,2.256,512,512,4096,11,562,3,true,0.4.0,daefabcd5b9a6b33c15bbfb51561bd493900dc5a37ad5b75a09f8ca0da89ca3b,Apple M5 Max,Version 26.6.2 (Build 25G83)
Apple M5 Max,uint32,uniform,2097152,4,gpu-quicksort,3.636,1.583,512,512,4096,11,525,3,true,0.4.0,daefabcd5b9a6b33c15bbfb51561bd493900dc5a37ad5b75a09f8ca0da89ca3b,Apple M5 Max,Version 26.6.2 (Build 25G83)
Apple M5 Max,uint32,uniform,2097152,5,gpu-quicksort,4.146,1.832,512,512,4096,11,605,3,true,0.4.0,daefabcd5b9a6b33c15bbfb51561bd493900dc5a37ad5b75a09f8ca0da89ca3b,Apple M5 Max,Version 26.6.2 (Build 25G83)
Apple M5 Max,uint32,uniform,2097152,1,cpu-swift,161.637,,,,,,,,true,0.4.0,daefabcd5b9a6b33c15bbfb51561bd493900dc5a37ad5b75a09f8ca0da89ca3b,,Version 26.6.2 (Build 25G83)
Apple M5 Max,uint32,uniform,2097152,2,cpu-swift,161.628,,,,,,,,true,0.4.0,daefabcd5b9a6b33c15bbfb51561bd493900dc5a37ad5b75a09f8ca0da89ca3b,,Version 26.6.2 (Build 25G83)
Apple M5 Max,uint32,uniform,2097152,3,cpu-swift,161.391,,,,,,,,true,0.4.0,daefabcd5b9a6b33c15bbfb51561bd493900dc5a37ad5b75a09f8ca0da89ca3b,,Version 26.6.2 (Build 25G83)
Apple M5 Max,uint32,uniform,2097152,4,cpu-swift,160.882,,,,,,,,true,0.4.0,daefabcd5b9a6b33c15bbfb51561bd493900dc5a37ad5b75a09f8ca0da89ca3b,,Version 26.6.2 (Build 25G83)
Apple M5 Max,uint32,uniform,2097152,5,cpu-swift,161.727,,,,,,,,true,0.4.0,daefabcd5b9a6b33c15bbfb51561bd493900dc5a37ad5b75a09f8ca0da89ca3b,,Version 26.6.2 (Build 25G83)
Apple M5 Max,uint32,uniform,2097152,1,cpu-qsort,136.483,,,,,,,,true,0.4.0,daefabcd5b9a6b33c15bbfb51561bd493900dc5a37ad5b75a09f8ca0da89ca3b,,Version 26.6.2 (Build 25G83)
Apple M5 Max,uint32,uniform,2097152,2,cpu-qsort,137.522,,,,,,,,true,0.4.0,daefabcd5b9a6b33c15bbfb51561bd493900dc5a37ad5b75a09f8ca0da89ca3b,,Version 26.6.2 (Build 25G83)
Apple M5 Max,uint32,uniform,2097152,3,cpu-qsort,135.917,,,,,,,,true,0.4.0,daefabcd5b9a6b33c15bbfb51561bd493900dc5a37ad5b75a09f8ca0da89ca3b,,Version 26.6.2 (Build 25G83)
Apple M5 Max,uint32,uniform,2097152,4,cpu-qsort,135.205,,,,,,,,true,0.4.0,daefabcd5b9a6b33c15bbfb51561bd493900dc5a37ad5b75a09f8ca0da89ca3b,,Version 26.6.2 (Build 25G83)
Apple M5 Max,uint32,uniform,2097152,5,cpu-qsort,135.659,,,,,,,,true,0.4.0,daefabcd5b9a6b33c15bbfb51561bd493900dc5a37ad5b75a09f8ca0da89ca3b,,Version 26.6.2 (Build 25G83)
Apple M5 Max,uint32,uniform,2097152,1,cpu-stdsort,30.015,,,,,,,,true,0.4.0,daefabcd5b9a6b33c15bbfb51561bd493900dc5a37ad5b75a09f8ca0da89ca3b,,Version 26.6.2 (Build 25G83)
Apple M5 Max,uint32,uniform,2097152,2,cpu-stdsort,29.704,,,,,,,,true,0.4.0,daefabcd5b9a6b33c15bbfb51561bd493900dc5a37ad5b75a09f8ca0da89ca3b,,Version 26.6.2 (Build 25G83)
Apple M5 Max,uint32,uniform,2097152,3,cpu-stdsort,29.828,,,,,,,,true,0.4.0,daefabcd5b9a6b33c15bbfb51561bd493900dc5a37ad5b75a09f8ca0da89ca3b,,Version 26.6.2 (Build 25G83)
Apple M5 Max,uint32,uniform,2097152,4,cpu-stdsort,29.824,,,,,,,,true,0.4.0,daefabcd5b9a6b33c15bbfb51561bd493900dc5a37ad5b75a09f8ca0da89ca3b,,Version 26.6.2 (Build 25G83)
Apple M5 Max,uint32,uniform,2097152,5,cpu-stdsort,29.690,,,,,,,,true,0.4.0,daefabcd5b9a6b33c15bbfb51561bd493900dc5a37ad5b75a09f8ca0da89ca3b,,Version 26.6.2 (Build 25G83)
Apple M5 Max,uint32,uniform,4194304,1,gpu-quicksort,11.916,4.000,512,1024,4096,13,1136,3,true,0.4.0,daefabcd5b9a6b33c15bbfb51561bd493900dc5a37ad5b75a09f8ca0da89ca3b,Apple M5 Max,Version 26.6.2 (Build 25G83)
Apple M5 Max,uint32,uniform,4194304,2,gpu-quicksort,6.675,3.378,512,1024,4096,13,1237,4,true,0.4.0,daefabcd5b9a6b33c15bbfb51561bd493900dc5a37ad5b75a09f8ca0da89ca3b,Apple M5 Max,Version 26.6.2 (Build 25G83)
Apple M5 Max,uint32,uniform,4194304,3,gpu-quicksort,5.536,3.215,512,1024,4096,12,1126,3,true,0.4.0,daefabcd5b9a6b33c15bbfb51561bd493900dc5a37ad5b75a09f8ca0da89ca3b,Apple M5 Max,Version 26.6.2 (Build 25G83)
Apple M5 Max,uint32,uniform,4194304,4,gpu-quicksort,6.504,2.969,512,1024,4096,12,1081,3,true,0.4.0,daefabcd5b9a6b33c15bbfb51561bd493900dc5a37ad5b75a09f8ca0da89ca3b,Apple M5 Max,Version 26.6.2 (Build 25G83)
Apple M5 Max,uint32,uniform,4194304,5,gpu-quicksort,7.416,4.321,512,1024,4096,13,1185,4,true,0.4.0,daefabcd5b9a6b33c15bbfb51561bd493900dc5a37ad5b75a09f8ca0da89ca3b,Apple M5 Max,Version 26.6.2 (Build 25G83)
Apple M5 Max,uint32,uniform,4194304,1,cpu-swift,337.813,,,,,,,,true,0.4.0,daefabcd5b9a6b33c15bbfb51561bd493900dc5a37ad5b75a09f8ca0da89ca3b,,Version 26.6.2 (Build 25G83)
Apple M5 Max,uint32,uniform,4194304,2,cpu-swift,337.692,,,,,,,,true,0.4.0,daefabcd5b9a6b33c15bbfb51561bd493900dc5a37ad5b75a09f8ca0da89ca3b,,Version 26.6.2 (Build 25G83)
Apple M5 Max,uint32,uniform,4194304,3,cpu-swift,337.474,,,,,,,,true,0.4.0,daefabcd5b9a6b33c15bbfb51561bd493900dc5a37ad5b75a09f8ca0da89ca3b,,Version 26.6.2 (Build 25G83)
Apple M5 Max,uint32,uniform,4194304,4,cpu-swift,339.094,,,,,,,,true,0.4.0,daefabcd5b9a6b33c15bbfb51561bd493900dc5a37ad5b75a09f8ca0da89ca3b,,Version 26.6.2 (Build 25G83)
Apple M5 Max,uint32,uniform,4194304,5,cpu-swift,336.521,,,,,,,,true,0.4.0,daefabcd5b9a6b33c15bbfb51561bd493900dc5a37ad5b75a09f8ca0da89ca3b,,Version 26.6.2 (Build 25G83)
Apple M5 Max,uint32,uniform,4194304,1,cpu-qsort,282.845,,,,,,,,true,0.4.0,daefabcd5b9a6b33c15bbfb51561bd493900dc5a37ad5b75a09f8ca0da89ca3b,,Version 26.6.2 (Build 25G83)
Apple M5 Max,uint32,uniform,4194304,2,cpu-qsort,286.118,,,,,,,,true,0.4.0,daefabcd5b9a6b33c15bbfb51561bd493900dc5a37ad5b75a09f8ca0da89ca3b,,Version 26.6.2 (Build 25G83)
Apple M5 Max,uint32,uniform,4194304,3,cpu-qsort,285.488,,,,,,,,true,0.4.0,daefabcd5b9a6b33c15bbfb51561bd493900dc5a37ad5b75a09f8ca0da89ca3b,,Version 26.6.2 (Build 25G83)
Apple M5 Max,uint32,uniform,4194304,4,cpu-qsort,284.218,,,,,,,,true,0.4.0,daefabcd5b9a6b33c15bbfb51561bd493900dc5a37ad5b75a09f8ca0da89ca3b,,Version 26.6.2 (Build 25G83)
Apple M5 Max,uint32,uniform,4194304,5,cpu-qsort,284.130,,,,,,,,true,0.4.0,daefabcd5b9a6b33c15bbfb51561bd493900dc5a37ad5b75a09f8ca0da89ca3b,,Version 26.6.2 (Build 25G83)
Apple M5 Max,uint32,uniform,4194304,1,cpu-stdsort,61.118,,,,,,,,true,0.4.0,daefabcd5b9a6b33c15bbfb51561bd493900dc5a37ad5b75a09f8ca0da89ca3b,,Version 26.6.2 (Build 25G83)
Apple M5 Max,uint32,uniform,4194304,2,cpu-stdsort,61.498,,,,,,,,true,0.4.0,daefabcd5b9a6b33c15bbfb51561bd493900dc5a37ad5b75a09f8ca0da89ca3b,,Version 26.6.2 (Build 25G83)
Apple M5 Max,uint32,uniform,4194304,3,cpu-stdsort,61.272,,,,,,,,true,0.4.0,daefabcd5b9a6b33c15bbfb51561bd493900dc5a37ad5b75a09f8ca0da89ca3b,,Version 26.6.2 (Build 25G83)
Apple M5 Max,uint32,uniform,4194304,4,cpu-stdsort,60.696,,,,,,,,true,0.4.0,daefabcd5b9a6b33c15bbfb51561bd493900dc5a37ad5b75a09f8ca0da89ca3b,,Version 26.6.2 (Build 25G83)
Apple M5 Max,uint32,uniform,4194304,5,cpu-stdsort,60.871,,,,,,,,true,0.4.0,daefabcd5b9a6b33c15bbfb51561bd493900dc5a37ad5b75a09f8ca0da89ca3b,,Version 26.6.2 (Build 25G83)
Apple M5 Max,uint32,uniform,8388608,1,gpu-quicksort,12.120,6.251,512,2048,4096,13,2153,3,true,0.4.0,daefabcd5b9a6b33c15bbfb51561bd493900dc5a37ad5b75a09f8ca0da89ca3b,Apple M5 Max,Version 26.6.2 (Build 25G83)
Apple M5 Max,uint32,uniform,8388608,2,gpu-quicksort,10.488,6.262,512,2048,4096,13,2072,4,true,0.4.0,daefabcd5b9a6b33c15bbfb51561bd493900dc5a37ad5b75a09f8ca0da89ca3b,Apple M5 Max,Version 26.6.2 (Build 25G83)
Apple M5 Max,uint32,uniform,8388608,3,gpu-quicksort,9.535,6.469,512,2048,4096,13,2179,3,true,0.4.0,daefabcd5b9a6b33c15bbfb51561bd493900dc5a37ad5b75a09f8ca0da89ca3b,Apple M5 Max,Version 26.6.2 (Build 25G83)
Apple M5 Max,uint32,uniform,8388608,4,gpu-quicksort,9.546,5.570,512,2048,4096,14,2457,3,true,0.4.0,daefabcd5b9a6b33c15bbfb51561bd493900dc5a37ad5b75a09f8ca0da89ca3b,Apple M5 Max,Version 26.6.2 (Build 25G83)
Apple M5 Max,uint32,uniform,8388608,5,gpu-quicksort,10.667,6.654,512,2048,4096,14,2448,4,true,0.4.0,daefabcd5b9a6b33c15bbfb51561bd493900dc5a37ad5b75a09f8ca0da89ca3b,Apple M5 Max,Version 26.6.2 (Build 25G83)
Apple M5 Max,uint32,uniform,8388608,1,cpu-swift,706.989,,,,,,,,true,0.4.0,daefabcd5b9a6b33c15bbfb51561bd493900dc5a37ad5b75a09f8ca0da89ca3b,,Version 26.6.2 (Build 25G83)
Apple M5 Max,uint32,uniform,8388608,2,cpu-swift,705.421,,,,,,,,true,0.4.0,daefabcd5b9a6b33c15bbfb51561bd493900dc5a37ad5b75a09f8ca0da89ca3b,,Version 26.6.2 (Build 25G83)
Apple M5 Max,uint32,uniform,8388608,3,cpu-swift,709.372,,,,,,,,true,0.4.0,daefabcd5b9a6b33c15bbfb51561bd493900dc5a37ad5b75a09f8ca0da89ca3b,,Version 26.6.2 (Build 25G83)
Apple M5 Max,uint32,uniform,8388608,4,cpu-swift,703.393,,,,,,,,true,0.4.0,daefabcd5b9a6b33c15bbfb51561bd493900dc5a37ad5b75a09f8ca0da89ca3b,,Version 26.6.2 (Build 25G83)
Apple M5 Max,uint32,uniform,8388608,5,cpu-swift,704.760,,,,,,,,true,0.4.0,daefabcd5b9a6b33c15bbfb51561bd493900dc5a37ad5b75a09f8ca0da89ca3b,,Version 26.6.2 (Build 25G83)
Apple M5 Max,uint32,uniform,8388608,1,cpu-qsort,591.312,,,,,,,,true,0.4.0,daefabcd5b9a6b33c15bbfb51561bd493900dc5a37ad5b75a09f8ca0da89ca3b,,Version 26.6.2 (Build 25G83)
Apple M5 Max,uint32,uniform,8388608,2,cpu-qsort,589.246,,,,,,,,true,0.4.0,daefabcd5b9a6b33c15bbfb51561bd493900dc5a37ad5b75a09f8ca0da89ca3b,,Version 26.6.2 (Build 25G83)
Apple M5 Max,uint32,uniform,8388608,3,cpu-qsort,587.635,,,,,,,,true,0.4.0,daefabcd5b9a6b33c15bbfb51561bd493900dc5a37ad5b75a09f8ca0da89ca3b,,Version 26.6.2 (Build 25G83)
Apple M5 Max,uint32,uniform,8388608,4,cpu-qsort,586.869,,,,,,,,true,0.4.0,daefabcd5b9a6b33c15bbfb51561bd493900dc5a37ad5b75a09f8ca0da89ca3b,,Version 26.6.2 (Build 25G83)
Apple M5 Max,uint32,uniform,8388608,5,cpu-qsort,587.591,,,,,,,,true,0.4.0,daefabcd5b9a6b33c15bbfb51561bd493900dc5a37ad5b75a09f8ca0da89ca3b,,Version 26.6.2 (Build 25G83)
Apple M5 Max,uint32,uniform,8388608,1,cpu-stdsort,122.923,,,,,,,,true,0.4.0,daefabcd5b9a6b33c15bbfb51561bd493900dc5a37ad5b75a09f8ca0da89ca3b,,Version 26.6.2 (Build 25G83)
Apple M5 Max,uint32,uniform,8388608,2,cpu-stdsort,122.799,,,,,,,,true,0.4.0,daefabcd5b9a6b33c15bbfb51561bd493900dc5a37ad5b75a09f8ca0da89ca3b,,Version 26.6.2 (Build 25G83)
Apple M5 Max,uint32,uniform,8388608,3,cpu-stdsort,122.658,,,,,,,,true,0.4.0,daefabcd5b9a6b33c15bbfb51561bd493900dc5a37ad5b75a09f8ca0da89ca3b,,Version 26.6.2 (Build 25G83)
Apple M5 Max,uint32,uniform,8388608,4,cpu-stdsort,122.700,,,,,,,,true,0.4.0,daefabcd5b9a6b33c15bbfb51561bd493900dc5a37ad5b75a09f8ca0da89ca3b,,Version 26.6.2 (Build 25G83)
Apple M5 Max,uint32,uniform,8388608,5,cpu-stdsort,122.917,,,,,,,,true,0.4.0,daefabcd5b9a6b33c15bbfb51561bd493900dc5a37ad5b75a09f8ca0da89ca3b,,Version 26.6.2 (Build 25G83)
Apple M5 Max,uint32,uniform,16777216,1,gpu-quicksort,17.929,12.136,512,4096,4096,15,4531,4,true,0.4.0,daefabcd5b9a6b33c15bbfb51561bd493900dc5a37ad5b75a09f8ca0da89ca3b,Apple M5 Max,Version 26.6.2 (Build 25G83)
Apple M5 Max,uint32,uniform,16777216,2,gpu-quicksort,17.394,12.494,512,4096,4096,15,4678,4,true,0.4.0,daefabcd5b9a6b33c15bbfb51561bd493900dc5a37ad5b75a09f8ca0da89ca3b,Apple M5 Max,Version 26.6.2 (Build 25G83)
Apple M5 Max,uint32,uniform,16777216,3,gpu-quicksort,17.278,12.352,512,4096,4096,15,4304,4,true,0.4.0,daefabcd5b9a6b33c15bbfb51561bd493900dc5a37ad5b75a09f8ca0da89ca3b,Apple M5 Max,Version 26.6.2 (Build 25G83)
Apple M5 Max,uint32,uniform,16777216,4,gpu-quicksort,16.638,11.994,512,4096,4096,15,4804,3,true,0.4.0,daefabcd5b9a6b33c15bbfb51561bd493900dc5a37ad5b75a09f8ca0da89ca3b,Apple M5 Max,Version 26.6.2 (Build 25G83)
Apple M5 Max,uint32,uniform,16777216,5,gpu-quicksort,17.984,12.755,512,4096,4096,15,4697,5,true,0.4.0,daefabcd5b9a6b33c15bbfb51561bd493900dc5a37ad5b75a09f8ca0da89ca3b,Apple M5 Max,Version 26.6.2 (Build 25G83)
Apple M5 Max,uint32,uniform,16777216,1,cpu-swift,1455.652,,,,,,,,true,0.4.0,daefabcd5b9a6b33c15bbfb51561bd493900dc5a37ad5b75a09f8ca0da89ca3b,,Version 26.6.2 (Build 25G83)
Apple M5 Max,uint32,uniform,16777216,2,cpu-swift,1454.489,,,,,,,,true,0.4.0,daefabcd5b9a6b33c15bbfb51561bd493900dc5a37ad5b75a09f8ca0da89ca3b,,Version 26.6.2 (Build 25G83)
Apple M5 Max,uint32,uniform,16777216,3,cpu-swift,1452.308,,,,,,,,true,0.4.0,daefabcd5b9a6b33c15bbfb51561bd493900dc5a37ad5b75a09f8ca0da89ca3b,,Version 26.6.2 (Build 25G83)
Apple M5 Max,uint32,uniform,16777216,4,cpu-swift,1450.582,,,,,,,,true,0.4.0,daefabcd5b9a6b33c15bbfb51561bd493900dc5a37ad5b75a09f8ca0da89ca3b,,Version 26.6.2 (Build 25G83)
Apple M5 Max,uint32,uniform,16777216,5,cpu-swift,1450.484,,,,,,,,true,0.4.0,daefabcd5b9a6b33c15bbfb51561bd493900dc5a37ad5b75a09f8ca0da89ca3b,,Version 26.6.2 (Build 25G83)
Apple M5 Max,uint32,uniform,16777216,1,cpu-qsort,1212.998,,,,,,,,true,0.4.0,daefabcd5b9a6b33c15bbfb51561bd493900dc5a37ad5b75a09f8ca0da89ca3b,,Version 26.6.2 (Build 25G83)
Apple M5 Max,uint32,uniform,16777216,2,cpu-qsort,1221.621,,,,,,,,true,0.4.0,daefabcd5b9a6b33c15bbfb51561bd493900dc5a37ad5b75a09f8ca0da89ca3b,,Version 26.6.2 (Build 25G83)
Apple M5 Max,uint32,uniform,16777216,3,cpu-qsort,1219.272,,,,,,,,true,0.4.0,daefabcd5b9a6b33c15bbfb51561bd493900dc5a37ad5b75a09f8ca0da89ca3b,,Version 26.6.2 (Build 25G83)
Apple M5 Max,uint32,uniform,16777216,4,cpu-qsort,1215.468,,,,,,,,true,0.4.0,daefabcd5b9a6b33c15bbfb51561bd493900dc5a37ad5b75a09f8ca0da89ca3b,,Version 26.6.2 (Build 25G83)
Apple M5 Max,uint32,uniform,16777216,5,cpu-qsort,1215.747,,,,,,,,true,0.4.0,daefabcd5b9a6b33c15bbfb51561bd493900dc5a37ad5b75a09f8ca0da89ca3b,,Version 26.6.2 (Build 25G83)
Apple M5 Max,uint32,uniform,16777216,1,cpu-stdsort,250.795,,,,,,,,true,0.4.0,daefabcd5b9a6b33c15bbfb51561bd493900dc5a37ad5b75a09f8ca0da89ca3b,,Version 26.6.2 (Build 25G83)
Apple M5 Max,uint32,uniform,16777216,2,cpu-stdsort,250.305,,,,,,,,true,0.4.0,daefabcd5b9a6b33c15bbfb51561bd493900dc5a37ad5b75a09f8ca0da89ca3b,,Version 26.6.2 (Build 25G83)
Apple M5 Max,uint32,uniform,16777216,3,cpu-stdsort,250.408,,,,,,,,true,0.4.0,daefabcd5b9a6b33c15bbfb51561bd493900dc5a37ad5b75a09f8ca0da89ca3b,,Version 26.6.2 (Build 25G83)
Apple M5 Max,uint32,uniform,16777216,4,cpu-stdsort,250.533,,,,,,,,true,0.4.0,daefabcd5b9a6b33c15bbfb51561bd493900dc5a37ad5b75a09f8ca0da89ca3b,,Version 26.6.2 (Build 25G83)
Apple M5 Max,uint32,uniform,16777216,5,cpu-stdsort,250.898,,,,,,,,true,0.4.0,daefabcd5b9a6b33c15bbfb51561bd493900dc5a37ad5b75a09f8ca0da89ca3b,,Version 26.6.2 (Build 25G83)
Apple M5 Max,uint32,sorted,1048576,1,gpu-quicksort,7.921,5.045,512,256,4096,9,268,2,true,0.4.0,daefabcd5b9a6b33c15bbfb51561bd493900dc5a37ad5b75a09f8ca0da89ca3b,Apple M5 Max,Version 26.6.2 (Build 25G83)
Apple M5 Max,uint32,sorted,1048576,2,gpu-quicksort,5.625,2.742,512,256,4096,10,326,2,true,0.4.0,daefabcd5b9a6b33c15bbfb51561bd493900dc5a37ad5b75a09f8ca0da89ca3b,Apple M5 Max,Version 26.6.2 (Build 25G83)
Apple M5 Max,uint32,sorted,1048576,3,gpu-quicksort,3.719,1.282,512,256,4096,10,314,2,true,0.4.0,daefabcd5b9a6b33c15bbfb51561bd493900dc5a37ad5b75a09f8ca0da89ca3b,Apple M5 Max,Version 26.6.2 (Build 25G83)
Apple M5 Max,uint32,sorted,1048576,4,gpu-quicksort,2.715,0.808,512,256,4096,10,322,2,true,0.4.0,daefabcd5b9a6b33c15bbfb51561bd493900dc5a37ad5b75a09f8ca0da89ca3b,Apple M5 Max,Version 26.6.2 (Build 25G83)
Apple M5 Max,uint32,sorted,1048576,5,gpu-quicksort,2.738,0.816,512,256,4096,10,311,2,true,0.4.0,daefabcd5b9a6b33c15bbfb51561bd493900dc5a37ad5b75a09f8ca0da89ca3b,Apple M5 Max,Version 26.6.2 (Build 25G83)
Apple M5 Max,uint32,sorted,1048576,1,cpu-swift,0.686,,,,,,,,true,0.4.0,daefabcd5b9a6b33c15bbfb51561bd493900dc5a37ad5b75a09f8ca0da89ca3b,,Version 26.6.2 (Build 25G83)
Apple M5 Max,uint32,sorted,1048576,2,cpu-swift,0.686,,,,,,,,true,0.4.0,daefabcd5b9a6b33c15bbfb51561bd493900dc5a37ad5b75a09f8ca0da89ca3b,,Version 26.6.2 (Build 25G83)
Apple M5 Max,uint32,sorted,1048576,3,cpu-swift,0.703,,,,,,,,true,0.4.0,daefabcd5b9a6b33c15bbfb51561bd493900dc5a37ad5b75a09f8ca0da89ca3b,,Version 26.6.2 (Build 25G83)
Apple M5 Max,uint32,sorted,1048576,4,cpu-swift,0.706,,,,,,,,true,0.4.0,daefabcd5b9a6b33c15bbfb51561bd493900dc5a37ad5b75a09f8ca0da89ca3b,,Version 26.6.2 (Build 25G83)
Apple M5 Max,uint32,sorted,1048576,5,cpu-swift,0.717,,,,,,,,true,0.4.0,daefabcd5b9a6b33c15bbfb51561bd493900dc5a37ad5b75a09f8ca0da89ca3b,,Version 26.6.2 (Build 25G83)
Apple M5 Max,uint32,sorted,1048576,1,cpu-qsort,2.664,,,,,,,,true,0.4.0,daefabcd5b9a6b33c15bbfb51561bd493900dc5a37ad5b75a09f8ca0da89ca3b,,Version 26.6.2 (Build 25G83)
Apple M5 Max,uint32,sorted,1048576,2,cpu-qsort,2.611,,,,,,,,true,0.4.0,daefabcd5b9a6b33c15bbfb51561bd493900dc5a37ad5b75a09f8ca0da89ca3b,,Version 26.6.2 (Build 25G83)
Apple M5 Max,uint32,sorted,1048576,3,cpu-qsort,2.620,,,,,,,,true,0.4.0,daefabcd5b9a6b33c15bbfb51561bd493900dc5a37ad5b75a09f8ca0da89ca3b,,Version 26.6.2 (Build 25G83)
Apple M5 Max,uint32,sorted,1048576,4,cpu-qsort,2.659,,,,,,,,true,0.4.0,daefabcd5b9a6b33c15bbfb51561bd493900dc5a37ad5b75a09f8ca0da89ca3b,,Version 26.6.2 (Build 25G83)
Apple M5 Max,uint32,sorted,1048576,5,cpu-qsort,2.618,,,,,,,,true,0.4.0,daefabcd5b9a6b33c15bbfb51561bd493900dc5a37ad5b75a09f8ca0da89ca3b,,Version 26.6.2 (Build 25G83)
Apple M5 Max,uint32,sorted,1048576,1,cpu-stdsort,0.689,,,,,,,,true,0.4.0,daefabcd5b9a6b33c15bbfb51561bd493900dc5a37ad5b75a09f8ca0da89ca3b,,Version 26.6.2 (Build 25G83)
Apple M5 Max,uint32,sorted,1048576,2,cpu-stdsort,0.683,,,,,,,,true,0.4.0,daefabcd5b9a6b33c15bbfb51561bd493900dc5a37ad5b75a09f8ca0da89ca3b,,Version 26.6.2 (Build 25G83)
Apple M5 Max,uint32,sorted,1048576,3,cpu-stdsort,0.686,,,,,,,,true,0.4.0,daefabcd5b9a6b33c15bbfb51561bd493900dc5a37ad5b75a09f8ca0da89ca3b,,Version 26.6.2 (Build 25G83)
Apple M5 Max,uint32,sorted,1048576,4,cpu-stdsort,0.692,,,,,,,,true,0.4.0,daefabcd5b9a6b33c15bbfb51561bd493900dc5a37ad5b75a09f8ca0da89ca3b,,Version 26.6.2 (Build 25G83)
Apple M5 Max,uint32,sorted,1048576,5,cpu-stdsort,0.691,,,,,,,,true,0.4.0,daefabcd5b9a6b33c15bbfb51561bd493900dc5a37ad5b75a09f8ca0da89ca3b,,Version 26.6.2 (Build 25G83)
Apple M5 Max,uint32,sorted,2097152,1,gpu-quicksort,10.312,7.101,512,512,4096,11,618,3,true,0.4.0,daefabcd5b9a6b33c15bbfb51561bd493900dc5a37ad5b75a09f8ca0da89ca3b,Apple M5 Max,Version 26.6.2 (Build 25G83)
Apple M5 Max,uint32,sorted,2097152,2,gpu-quicksort,3.382,1.438,512,512,4096,10,516,3,true,0.4.0,daefabcd5b9a6b33c15bbfb51561bd493900dc5a37ad5b75a09f8ca0da89ca3b,Apple M5 Max,Version 26.6.2 (Build 25G83)
Apple M5 Max,uint32,sorted,2097152,3,gpu-quicksort,3.543,1.483,512,512,4096,11,637,3,true,0.4.0,daefabcd5b9a6b33c15bbfb51561bd493900dc5a37ad5b75a09f8ca0da89ca3b,Apple M5 Max,Version 26.6.2 (Build 25G83)
Apple M5 Max,uint32,sorted,2097152,4,gpu-quicksort,3.591,1.452,512,512,4096,11,616,3,true,0.4.0,daefabcd5b9a6b33c15bbfb51561bd493900dc5a37ad5b75a09f8ca0da89ca3b,Apple M5 Max,Version 26.6.2 (Build 25G83)
Apple M5 Max,uint32,sorted,2097152,5,gpu-quicksort,3.494,1.476,512,512,4096,11,590,3,true,0.4.0,daefabcd5b9a6b33c15bbfb51561bd493900dc5a37ad5b75a09f8ca0da89ca3b,Apple M5 Max,Version 26.6.2 (Build 25G83)
Apple M5 Max,uint32,sorted,2097152,1,cpu-swift,1.410,,,,,,,,true,0.4.0,daefabcd5b9a6b33c15bbfb51561bd493900dc5a37ad5b75a09f8ca0da89ca3b,,Version 26.6.2 (Build 25G83)
Apple M5 Max,uint32,sorted,2097152,2,cpu-swift,1.450,,,,,,,,true,0.4.0,daefabcd5b9a6b33c15bbfb51561bd493900dc5a37ad5b75a09f8ca0da89ca3b,,Version 26.6.2 (Build 25G83)
Apple M5 Max,uint32,sorted,2097152,3,cpu-swift,1.450,,,,,,,,true,0.4.0,daefabcd5b9a6b33c15bbfb51561bd493900dc5a37ad5b75a09f8ca0da89ca3b,,Version 26.6.2 (Build 25G83)
Apple M5 Max,uint32,sorted,2097152,4,cpu-swift,1.464,,,,,,,,true,0.4.0,daefabcd5b9a6b33c15bbfb51561bd493900dc5a37ad5b75a09f8ca0da89ca3b,,Version 26.6.2 (Build 25G83)
Apple M5 Max,uint32,sorted,2097152,5,cpu-swift,1.369,,,,,,,,true,0.4.0,daefabcd5b9a6b33c15bbfb51561bd493900dc5a37ad5b75a09f8ca0da89ca3b,,Version 26.6.2 (Build 25G83)
Apple M5 Max,uint32,sorted,2097152,1,cpu-qsort,5.279,,,,,,,,true,0.4.0,daefabcd5b9a6b33c15bbfb51561bd493900dc5a37ad5b75a09f8ca0da89ca3b,,Version 26.6.2 (Build 25G83)
Apple M5 Max,uint32,sorted,2097152,2,cpu-qsort,5.265,,,,,,,,true,0.4.0,daefabcd5b9a6b33c15bbfb51561bd493900dc5a37ad5b75a09f8ca0da89ca3b,,Version 26.6.2 (Build 25G83)
Apple M5 Max,uint32,sorted,2097152,3,cpu-qsort,5.223,,,,,,,,true,0.4.0,daefabcd5b9a6b33c15bbfb51561bd493900dc5a37ad5b75a09f8ca0da89ca3b,,Version 26.6.2 (Build 25G83)
Apple M5 Max,uint32,sorted,2097152,4,cpu-qsort,5.278,,,,,,,,true,0.4.0,daefabcd5b9a6b33c15bbfb51561bd493900dc5a37ad5b75a09f8ca0da89ca3b,,Version 26.6.2 (Build 25G83)
Apple M5 Max,uint32,sorted,2097152,5,cpu-qsort,5.217,,,,,,,,true,0.4.0,daefabcd5b9a6b33c15bbfb51561bd493900dc5a37ad5b75a09f8ca0da89ca3b,,Version 26.6.2 (Build 25G83)
Apple M5 Max,uint32,sorted,2097152,1,cpu-stdsort,1.401,,,,,,,,true,0.4.0,daefabcd5b9a6b33c15bbfb51561bd493900dc5a37ad5b75a09f8ca0da89ca3b,,Version 26.6.2 (Build 25G83)
Apple M5 Max,uint32,sorted,2097152,2,cpu-stdsort,1.380,,,,,,,,true,0.4.0,daefabcd5b9a6b33c15bbfb51561bd493900dc5a37ad5b75a09f8ca0da89ca3b,,Version 26.6.2 (Build 25G83)
Apple M5 Max,uint32,sorted,2097152,3,cpu-stdsort,1.369,,,,,,,,true,0.4.0,daefabcd5b9a6b33c15bbfb51561bd493900dc5a37ad5b75a09f8ca0da89ca3b,,Version 26.6.2 (Build 25G83)
Apple M5 Max,uint32,sorted,2097152,4,cpu-stdsort,1.395,,,,,,,,true,0.4.0,daefabcd5b9a6b33c15bbfb51561bd493900dc5a37ad5b75a09f8ca0da89ca3b,,Version 26.6.2 (Build 25G83)
Apple M5 Max,uint32,sorted,2097152,5,cpu-stdsort,1.378,,,,,,,,true,0.4.0,daefabcd5b9a6b33c15bbfb51561bd493900dc5a37ad5b75a09f8ca0da89ca3b,,Version 26.6.2 (Build 25G83)
Apple M5 Max,uint32,sorted,4194304,1,gpu-quicksort,7.370,4.127,512,1024,4096,12,1217,2,true,0.4.0,daefabcd5b9a6b33c15bbfb51561bd493900dc5a37ad5b75a09f8ca0da89ca3b,Apple M5 Max,Version 26.6.2 (Build 25G83)
Apple M5 Max,uint32,sorted,4194304,2,gpu-quicksort,5.808,2.959,512,1024,4096,12,1247,2,true,0.4.0,daefabcd5b9a6b33c15bbfb51561bd493900dc5a37ad5b75a09f8ca0da89ca3b,Apple M5 Max,Version 26.6.2 (Build 25G83)
Apple M5 Max,uint32,sorted,4194304,3,gpu-quicksort,6.233,3.415,512,1024,4096,12,1283,4,true,0.4.0,daefabcd5b9a6b33c15bbfb51561bd493900dc5a37ad5b75a09f8ca0da89ca3b,Apple M5 Max,Version 26.6.2 (Build 25G83)
Apple M5 Max,uint32,sorted,4194304,4,gpu-quicksort,5.772,2.934,512,1024,4096,12,1231,3,true,0.4.0,daefabcd5b9a6b33c15bbfb51561bd493900dc5a37ad5b75a09f8ca0da89ca3b,Apple M5 Max,Version 26.6.2 (Build 25G83)
Apple M5 Max,uint32,sorted,4194304,5,gpu-quicksort,6.167,3.308,512,1024,4096,12,1213,3,true,0.4.0,daefabcd5b9a6b33c15bbfb51561bd493900dc5a37ad5b75a09f8ca0da89ca3b,Apple M5 Max,Version 26.6.2 (Build 25G83)
Apple M5 Max,uint32,sorted,4194304,1,cpu-swift,2.895,,,,,,,,true,0.4.0,daefabcd5b9a6b33c15bbfb51561bd493900dc5a37ad5b75a09f8ca0da89ca3b,,Version 26.6.2 (Build 25G83)
Apple M5 Max,uint32,sorted,4194304,2,cpu-swift,2.735,,,,,,,,true,0.4.0,daefabcd5b9a6b33c15bbfb51561bd493900dc5a37ad5b75a09f8ca0da89ca3b,,Version 26.6.2 (Build 25G83)
Apple M5 Max,uint32,sorted,4194304,3,cpu-swift,2.878,,,,,,,,true,0.4.0,daefabcd5b9a6b33c15bbfb51561bd493900dc5a37ad5b75a09f8ca0da89ca3b,,Version 26.6.2 (Build 25G83)
Apple M5 Max,uint32,sorted,4194304,4,cpu-swift,2.862,,,,,,,,true,0.4.0,daefabcd5b9a6b33c15bbfb51561bd493900dc5a37ad5b75a09f8ca0da89ca3b,,Version 26.6.2 (Build 25G83)
Apple M5 Max,uint32,sorted,4194304,5,cpu-swift,2.845,,,,,,,,true,0.4.0,daefabcd5b9a6b33c15bbfb51561bd493900dc5a37ad5b75a09f8ca0da89ca3b,,Version 26.6.2 (Build 25G83)
Apple M5 Max,uint32,sorted,4194304,1,cpu-qsort,10.526,,,,,,,,true,0.4.0,daefabcd5b9a6b33c15bbfb51561bd493900dc5a37ad5b75a09f8ca0da89ca3b,,Version 26.6.2 (Build 25G83)
Apple M5 Max,uint32,sorted,4194304,2,cpu-qsort,10.518,,,,,,,,true,0.4.0,daefabcd5b9a6b33c15bbfb51561bd493900dc5a37ad5b75a09f8ca0da89ca3b,,Version 26.6.2 (Build 25G83)
Apple M5 Max,uint32,sorted,4194304,3,cpu-qsort,10.504,,,,,,,,true,0.4.0,daefabcd5b9a6b33c15bbfb51561bd493900dc5a37ad5b75a09f8ca0da89ca3b,,Version 26.6.2 (Build 25G83)
Apple M5 Max,uint32,sorted,4194304,4,cpu-qsort,10.500,,,,,,,,true,0.4.0,daefabcd5b9a6b33c15bbfb51561bd493900dc5a37ad5b75a09f8ca0da89ca3b,,Version 26.6.2 (Build 25G83)
Apple M5 Max,uint32,sorted,4194304,5,cpu-qsort,10.531,,,,,,,,true,0.4.0,daefabcd5b9a6b33c15bbfb51561bd493900dc5a37ad5b75a09f8ca0da89ca3b,,Version 26.6.2 (Build 25G83)
Apple M5 Max,uint32,sorted,4194304,1,cpu-stdsort,2.293,,,,,,,,true,0.4.0,daefabcd5b9a6b33c15bbfb51561bd493900dc5a37ad5b75a09f8ca0da89ca3b,,Version 26.6.2 (Build 25G83)
Apple M5 Max,uint32,sorted,4194304,2,cpu-stdsort,2.734,,,,,,,,true,0.4.0,daefabcd5b9a6b33c15bbfb51561bd493900dc5a37ad5b75a09f8ca0da89ca3b,,Version 26.6.2 (Build 25G83)
Apple M5 Max,uint32,sorted,4194304,3,cpu-stdsort,2.765,,,,,,,,true,0.4.0,daefabcd5b9a6b33c15bbfb51561bd493900dc5a37ad5b75a09f8ca0da89ca3b,,Version 26.6.2 (Build 25G83)
Apple M5 Max,uint32,sorted,4194304,4,cpu-stdsort,2.734,,,,,,,,true,0.4.0,daefabcd5b9a6b33c15bbfb51561bd493900dc5a37ad5b75a09f8ca0da89ca3b,,Version 26.6.2 (Build 25G83)
Apple M5 Max,uint32,sorted,4194304,5,cpu-stdsort,2.740,,,,,,,,true,0.4.0,daefabcd5b9a6b33c15bbfb51561bd493900dc5a37ad5b75a09f8ca0da89ca3b,,Version 26.6.2 (Build 25G83)
Apple M5 Max,uint32,sorted,8388608,1,gpu-quicksort,9.791,5.366,512,2048,4096,13,2405,3,true,0.4.0,daefabcd5b9a6b33c15bbfb51561bd493900dc5a37ad5b75a09f8ca0da89ca3b,Apple M5 Max,Version 26.6.2 (Build 25G83)
Apple M5 Max,uint32,sorted,8388608,2,gpu-quicksort,9.201,5.856,512,2048,4096,13,2382,3,true,0.4.0,daefabcd5b9a6b33c15bbfb51561bd493900dc5a37ad5b75a09f8ca0da89ca3b,Apple M5 Max,Version 26.6.2 (Build 25G83)
Apple M5 Max,uint32,sorted,8388608,3,gpu-quicksort,9.351,5.744,512,2048,4096,13,2451,3,true,0.4.0,daefabcd5b9a6b33c15bbfb51561bd493900dc5a37ad5b75a09f8ca0da89ca3b,Apple M5 Max,Version 26.6.2 (Build 25G83)
Apple M5 Max,uint32,sorted,8388608,4,gpu-quicksort,9.305,5.395,512,2048,4096,13,2419,3,true,0.4.0,daefabcd5b9a6b33c15bbfb51561bd493900dc5a37ad5b75a09f8ca0da89ca3b,Apple M5 Max,Version 26.6.2 (Build 25G83)
Apple M5 Max,uint32,sorted,8388608,5,gpu-quicksort,9.366,5.506,512,2048,4096,13,2363,3,true,0.4.0,daefabcd5b9a6b33c15bbfb51561bd493900dc5a37ad5b75a09f8ca0da89ca3b,Apple M5 Max,Version 26.6.2 (Build 25G83)
Apple M5 Max,uint32,sorted,8388608,1,cpu-swift,5.735,,,,,,,,true,0.4.0,daefabcd5b9a6b33c15bbfb51561bd493900dc5a37ad5b75a09f8ca0da89ca3b,,Version 26.6.2 (Build 25G83)
Apple M5 Max,uint32,sorted,8388608,2,cpu-swift,5.615,,,,,,,,true,0.4.0,daefabcd5b9a6b33c15bbfb51561bd493900dc5a37ad5b75a09f8ca0da89ca3b,,Version 26.6.2 (Build 25G83)
Apple M5 Max,uint32,sorted,8388608,3,cpu-swift,5.574,,,,,,,,true,0.4.0,daefabcd5b9a6b33c15bbfb51561bd493900dc5a37ad5b75a09f8ca0da89ca3b,,Version 26.6.2 (Build 25G83)
Apple M5 Max,uint32,sorted,8388608,4,cpu-swift,5.682,,,,,,,,true,0.4.0,daefabcd5b9a6b33c15bbfb51561bd493900dc5a37ad5b75a09f8ca0da89ca3b,,Version 26.6.2 (Build 25G83)
Apple M5 Max,uint32,sorted,8388608,5,cpu-swift,5.803,,,,,,,,true,0.4.0,daefabcd5b9a6b33c15bbfb51561bd493900dc5a37ad5b75a09f8ca0da89ca3b,,Version 26.6.2 (Build 25G83)
Apple M5 Max,uint32,sorted,8388608,1,cpu-qsort,21.000,,,,,,,,true,0.4.0,daefabcd5b9a6b33c15bbfb51561bd493900dc5a37ad5b75a09f8ca0da89ca3b,,Version 26.6.2 (Build 25G83)
Apple M5 Max,uint32,sorted,8388608,2,cpu-qsort,21.117,,,,,,,,true,0.4.0,daefabcd5b9a6b33c15bbfb51561bd493900dc5a37ad5b75a09f8ca0da89ca3b,,Version 26.6.2 (Build 25G83)
Apple M5 Max,uint32,sorted,8388608,3,cpu-qsort,21.035,,,,,,,,true,0.4.0,daefabcd5b9a6b33c15bbfb51561bd493900dc5a37ad5b75a09f8ca0da89ca3b,,Version 26.6.2 (Build 25G83)
Apple M5 Max,uint32,sorted,8388608,4,cpu-qsort,21.064,,,,,,,,true,0.4.0,daefabcd5b9a6b33c15bbfb51561bd493900dc5a37ad5b75a09f8ca0da89ca3b,,Version 26.6.2 (Build 25G83)
Apple M5 Max,uint32,sorted,8388608,5,cpu-qsort,21.045,,,,,,,,true,0.4.0,daefabcd5b9a6b33c15bbfb51561bd493900dc5a37ad5b75a09f8ca0da89ca3b,,Version 26.6.2 (Build 25G83)
Apple M5 Max,uint32,sorted,8388608,1,cpu-stdsort,5.487,,,,,,,,true,0.4.0,daefabcd5b9a6b33c15bbfb51561bd493900dc5a37ad5b75a09f8ca0da89ca3b,,Version 26.6.2 (Build 25G83)
Apple M5 Max,uint32,sorted,8388608,2,cpu-stdsort,5.481,,,,,,,,true,0.4.0,daefabcd5b9a6b33c15bbfb51561bd493900dc5a37ad5b75a09f8ca0da89ca3b,,Version 26.6.2 (Build 25G83)
Apple M5 Max,uint32,sorted,8388608,3,cpu-stdsort,4.699,,,,,,,,true,0.4.0,daefabcd5b9a6b33c15bbfb51561bd493900dc5a37ad5b75a09f8ca0da89ca3b,,Version 26.6.2 (Build 25G83)
Apple M5 Max,uint32,sorted,8388608,4,cpu-stdsort,5.493,,,,,,,,true,0.4.0,daefabcd5b9a6b33c15bbfb51561bd493900dc5a37ad5b75a09f8ca0da89ca3b,,Version 26.6.2 (Build 25G83)
Apple M5 Max,uint32,sorted,8388608,5,cpu-stdsort,5.478,,,,,,,,true,0.4.0,daefabcd5b9a6b33c15bbfb51561bd493900dc5a37ad5b75a09f8ca0da89ca3b,,Version 26.6.2 (Build 25G83)
Apple M5 Max,uint32,sorted,16777216,1,gpu-quicksort,16.872,12.185,512,4096,4096,14,4706,4,true,0.4.0,daefabcd5b9a6b33c15bbfb51561bd493900dc5a37ad5b75a09f8ca0da89ca3b,Apple M5 Max,Version 26.6.2 (Build 25G83)
Apple M5 Max,uint32,sorted,16777216,2,gpu-quicksort,15.780,11.593,512,4096,4096,14,4666,3,true,0.4.0,daefabcd5b9a6b33c15bbfb51561bd493900dc5a37ad5b75a09f8ca0da89ca3b,Apple M5 Max,Version 26.6.2 (Build 25G83)
Apple M5 Max,uint32,sorted,16777216,3,gpu-quicksort,16.221,11.837,512,4096,4096,14,4719,3,true,0.4.0,daefabcd5b9a6b33c15bbfb51561bd493900dc5a37ad5b75a09f8ca0da89ca3b,Apple M5 Max,Version 26.6.2 (Build 25G83)
Apple M5 Max,uint32,sorted,16777216,4,gpu-quicksort,16.044,11.549,512,4096,4096,14,4816,3,true,0.4.0,daefabcd5b9a6b33c15bbfb51561bd493900dc5a37ad5b75a09f8ca0da89ca3b,Apple M5 Max,Version 26.6.2 (Build 25G83)
Apple M5 Max,uint32,sorted,16777216,5,gpu-quicksort,15.538,10.827,512,4096,4096,14,4767,3,true,0.4.0,daefabcd5b9a6b33c15bbfb51561bd493900dc5a37ad5b75a09f8ca0da89ca3b,Apple M5 Max,Version 26.6.2 (Build 25G83)
Apple M5 Max,uint32,sorted,16777216,1,cpu-swift,11.409,,,,,,,,true,0.4.0,daefabcd5b9a6b33c15bbfb51561bd493900dc5a37ad5b75a09f8ca0da89ca3b,,Version 26.6.2 (Build 25G83)
Apple M5 Max,uint32,sorted,16777216,2,cpu-swift,11.355,,,,,,,,true,0.4.0,daefabcd5b9a6b33c15bbfb51561bd493900dc5a37ad5b75a09f8ca0da89ca3b,,Version 26.6.2 (Build 25G83)
Apple M5 Max,uint32,sorted,16777216,3,cpu-swift,11.477,,,,,,,,true,0.4.0,daefabcd5b9a6b33c15bbfb51561bd493900dc5a37ad5b75a09f8ca0da89ca3b,,Version 26.6.2 (Build 25G83)
Apple M5 Max,uint32,sorted,16777216,4,cpu-swift,11.371,,,,,,,,true,0.4.0,daefabcd5b9a6b33c15bbfb51561bd493900dc5a37ad5b75a09f8ca0da89ca3b,,Version 26.6.2 (Build 25G83)
Apple M5 Max,uint32,sorted,16777216,5,cpu-swift,11.363,,,,,,,,true,0.4.0,daefabcd5b9a6b33c15bbfb51561bd493900dc5a37ad5b75a09f8ca0da89ca3b,,Version 26.6.2 (Build 25G83)
Apple M5 Max,uint32,sorted,16777216,1,cpu-qsort,42.143,,,,,,,,true,0.4.0,daefabcd5b9a6b33c15bbfb51561bd493900dc5a37ad5b75a09f8ca0da89ca3b,,Version 26.6.2 (Build 25G83)
Apple M5 Max,uint32,sorted,16777216,2,cpu-qsort,42.123,,,,,,,,true,0.4.0,daefabcd5b9a6b33c15bbfb51561bd493900dc5a37ad5b75a09f8ca0da89ca3b,,Version 26.6.2 (Build 25G83)
Apple M5 Max,uint32,sorted,16777216,3,cpu-qsort,42.118,,,,,,,,true,0.4.0,daefabcd5b9a6b33c15bbfb51561bd493900dc5a37ad5b75a09f8ca0da89ca3b,,Version 26.6.2 (Build 25G83)
Apple M5 Max,uint32,sorted,16777216,4,cpu-qsort,42.064,,,,,,,,true,0.4.0,daefabcd5b9a6b33c15bbfb51561bd493900dc5a37ad5b75a09f8ca0da89ca3b,,Version 26.6.2 (Build 25G83)
Apple M5 Max,uint32,sorted,16777216,5,cpu-qsort,42.096,,,,,,,,true,0.4.0,daefabcd5b9a6b33c15bbfb51561bd493900dc5a37ad5b75a09f8ca0da89ca3b,,Version 26.6.2 (Build 25G83)
Apple M5 Max,uint32,sorted,16777216,1,cpu-stdsort,10.980,,,,,,,,true,0.4.0,daefabcd5b9a6b33c15bbfb51561bd493900dc5a37ad5b75a09f8ca0da89ca3b,,Version 26.6.2 (Build 25G83)
Apple M5 Max,uint32,sorted,16777216,2,cpu-stdsort,11.000,,,,,,,,true,0.4.0,daefabcd5b9a6b33c15bbfb51561bd493900dc5a37ad5b75a09f8ca0da89ca3b,,Version 26.6.2 (Build 25G83)
Apple M5 Max,uint32,sorted,16777216,3,cpu-stdsort,10.981,,,,,,,,true,0.4.0,daefabcd5b9a6b33c15bbfb51561bd493900dc5a37ad5b75a09f8ca0da89ca3b,,Version 26.6.2 (Build 25G83)
Apple M5 Max,uint32,sorted,16777216,4,cpu-stdsort,10.963,,,,,,,,true,0.4.0,daefabcd5b9a6b33c15bbfb51561bd493900dc5a37ad5b75a09f8ca0da89ca3b,,Version 26.6.2 (Build 25G83)
Apple M5 Max,uint32,sorted,16777216,5,cpu-stdsort,10.970,,,,,,,,true,0.4.0,daefabcd5b9a6b33c15bbfb51561bd493900dc5a37ad5b75a09f8ca0da89ca3b,,Version 26.6.2 (Build 25G83)
Apple M5 Max,uint32,zero,1048576,1,gpu-quicksort,0.439,0.204,512,256,4096,1,0,0,true,0.4.0,daefabcd5b9a6b33c15bbfb51561bd493900dc5a37ad5b75a09f8ca0da89ca3b,Apple M5 Max,Version 26.6.2 (Build 25G83)
Apple M5 Max,uint32,zero,1048576,2,gpu-quicksort,0.429,0.209,512,256,4096,1,0,0,true,0.4.0,daefabcd5b9a6b33c15bbfb51561bd493900dc5a37ad5b75a09f8ca0da89ca3b,Apple M5 Max,Version 26.6.2 (Build 25G83)
Apple M5 Max,uint32,zero,1048576,3,gpu-quicksort,0.453,0.209,512,256,4096,1,0,0,true,0.4.0,daefabcd5b9a6b33c15bbfb51561bd493900dc5a37ad5b75a09f8ca0da89ca3b,Apple M5 Max,Version 26.6.2 (Build 25G83)
Apple M5 Max,uint32,zero,1048576,4,gpu-quicksort,0.446,0.205,512,256,4096,1,0,0,true,0.4.0,daefabcd5b9a6b33c15bbfb51561bd493900dc5a37ad5b75a09f8ca0da89ca3b,Apple M5 Max,Version 26.6.2 (Build 25G83)
Apple M5 Max,uint32,zero,1048576,5,gpu-quicksort,0.456,0.208,512,256,4096,1,0,0,true,0.4.0,daefabcd5b9a6b33c15bbfb51561bd493900dc5a37ad5b75a09f8ca0da89ca3b,Apple M5 Max,Version 26.6.2 (Build 25G83)
Apple M5 Max,uint32,zero,1048576,1,cpu-swift,0.683,,,,,,,,true,0.4.0,daefabcd5b9a6b33c15bbfb51561bd493900dc5a37ad5b75a09f8ca0da89ca3b,,Version 26.6.2 (Build 25G83)
Apple M5 Max,uint32,zero,1048576,2,cpu-swift,0.702,,,,,,,,true,0.4.0,daefabcd5b9a6b33c15bbfb51561bd493900dc5a37ad5b75a09f8ca0da89ca3b,,Version 26.6.2 (Build 25G83)
Apple M5 Max,uint32,zero,1048576,3,cpu-swift,0.699,,,,,,,,true,0.4.0,daefabcd5b9a6b33c15bbfb51561bd493900dc5a37ad5b75a09f8ca0da89ca3b,,Version 26.6.2 (Build 25G83)
Apple M5 Max,uint32,zero,1048576,4,cpu-swift,0.712,,,,,,,,true,0.4.0,daefabcd5b9a6b33c15bbfb51561bd493900dc5a37ad5b75a09f8ca0da89ca3b,,Version 26.6.2 (Build 25G83)
Apple M5 Max,uint32,zero,1048576,5,cpu-swift,0.719,,,,,,,,true,0.4.0,daefabcd5b9a6b33c15bbfb51561bd493900dc5a37ad5b75a09f8ca0da89ca3b,,Version 26.6.2 (Build 25G83)
Apple M5 Max,uint32,zero,1048576,1,cpu-qsort,0.975,,,,,,,,true,0.4.0,daefabcd5b9a6b33c15bbfb51561bd493900dc5a37ad5b75a09f8ca0da89ca3b,,Version 26.6.2 (Build 25G83)
Apple M5 Max,uint32,zero,1048576,2,cpu-qsort,0.989,,,,,,,,true,0.4.0,daefabcd5b9a6b33c15bbfb51561bd493900dc5a37ad5b75a09f8ca0da89ca3b,,Version 26.6.2 (Build 25G83)
Apple M5 Max,uint32,zero,1048576,3,cpu-qsort,0.914,,,,,,,,true,0.4.0,daefabcd5b9a6b33c15bbfb51561bd493900dc5a37ad5b75a09f8ca0da89ca3b,,Version 26.6.2 (Build 25G83)
Apple M5 Max,uint32,zero,1048576,4,cpu-qsort,0.911,,,,,,,,true,0.4.0,daefabcd5b9a6b33c15bbfb51561bd493900dc5a37ad5b75a09f8ca0da89ca3b,,Version 26.6.2 (Build 25G83)
Apple M5 Max,uint32,zero,1048576,5,cpu-qsort,0.926,,,,,,,,true,0.4.0,daefabcd5b9a6b33c15bbfb51561bd493900dc5a37ad5b75a09f8ca0da89ca3b,,Version 26.6.2 (Build 25G83)
Apple M5 Max,uint32,zero,1048576,1,cpu-stdsort,0.873,,,,,,,,true,0.4.0,daefabcd5b9a6b33c15bbfb51561bd493900dc5a37ad5b75a09f8ca0da89ca3b,,Version 26.6.2 (Build 25G83)
Apple M5 Max,uint32,zero,1048576,2,cpu-stdsort,0.880,,,,,,,,true,0.4.0,daefabcd5b9a6b33c15bbfb51561bd493900dc5a37ad5b75a09f8ca0da89ca3b,,Version 26.6.2 (Build 25G83)
Apple M5 Max,uint32,zero,1048576,3,cpu-stdsort,0.893,,,,,,,,true,0.4.0,daefabcd5b9a6b33c15bbfb51561bd493900dc5a37ad5b75a09f8ca0da89ca3b,,Version 26.6.2 (Build 25G83)
Apple M5 Max,uint32,zero,1048576,4,cpu-stdsort,0.887,,,,,,,,true,0.4.0,daefabcd5b9a6b33c15bbfb51561bd493900dc5a37ad5b75a09f8ca0da89ca3b,,Version 26.6.2 (Build 25G83)
Apple M5 Max,uint32,zero,1048576,5,cpu-stdsort,0.875,,,,,,,,true,0.4.0,daefabcd5b9a6b33c15bbfb51561bd493900dc5a37ad5b75a09f8ca0da89ca3b,,Version 26.6.2 (Build 25G83)
Apple M5 Max,uint32,zero,2097152,1,gpu-quicksort,0.757,0.358,512,512,4096,1,0,0,true,0.4.0,daefabcd5b9a6b33c15bbfb51561bd493900dc5a37ad5b75a09f8ca0da89ca3b,Apple M5 Max,Version 26.6.2 (Build 25G83)
Apple M5 Max,uint32,zero,2097152,2,gpu-quicksort,0.806,0.360,512,512,4096,1,0,0,true,0.4.0,daefabcd5b9a6b33c15bbfb51561bd493900dc5a37ad5b75a09f8ca0da89ca3b,Apple M5 Max,Version 26.6.2 (Build 25G83)
Apple M5 Max,uint32,zero,2097152,3,gpu-quicksort,0.751,0.367,512,512,4096,1,0,0,true,0.4.0,daefabcd5b9a6b33c15bbfb51561bd493900dc5a37ad5b75a09f8ca0da89ca3b,Apple M5 Max,Version 26.6.2 (Build 25G83)
Apple M5 Max,uint32,zero,2097152,4,gpu-quicksort,0.605,0.349,512,512,4096,1,0,0,true,0.4.0,daefabcd5b9a6b33c15bbfb51561bd493900dc5a37ad5b75a09f8ca0da89ca3b,Apple M5 Max,Version 26.6.2 (Build 25G83)
Apple M5 Max,uint32,zero,2097152,5,gpu-quicksort,0.741,0.374,512,512,4096,1,0,0,true,0.4.0,daefabcd5b9a6b33c15bbfb51561bd493900dc5a37ad5b75a09f8ca0da89ca3b,Apple M5 Max,Version 26.6.2 (Build 25G83)
Apple M5 Max,uint32,zero,2097152,1,cpu-swift,1.405,,,,,,,,true,0.4.0,daefabcd5b9a6b33c15bbfb51561bd493900dc5a37ad5b75a09f8ca0da89ca3b,,Version 26.6.2 (Build 25G83)
Apple M5 Max,uint32,zero,2097152,2,cpu-swift,1.444,,,,,,,,true,0.4.0,daefabcd5b9a6b33c15bbfb51561bd493900dc5a37ad5b75a09f8ca0da89ca3b,,Version 26.6.2 (Build 25G83)
Apple M5 Max,uint32,zero,2097152,3,cpu-swift,1.453,,,,,,,,true,0.4.0,daefabcd5b9a6b33c15bbfb51561bd493900dc5a37ad5b75a09f8ca0da89ca3b,,Version 26.6.2 (Build 25G83)
Apple M5 Max,uint32,zero,2097152,4,cpu-swift,1.458,,,,,,,,true,0.4.0,daefabcd5b9a6b33c15bbfb51561bd493900dc5a37ad5b75a09f8ca0da89ca3b,,Version 26.6.2 (Build 25G83)
Apple M5 Max,uint32,zero,2097152,5,cpu-swift,1.389,,,,,,,,true,0.4.0,daefabcd5b9a6b33c15bbfb51561bd493900dc5a37ad5b75a09f8ca0da89ca3b,,Version 26.6.2 (Build 25G83)
Apple M5 Max,uint32,zero,2097152,1,cpu-qsort,1.942,,,,,,,,true,0.4.0,daefabcd5b9a6b33c15bbfb51561bd493900dc5a37ad5b75a09f8ca0da89ca3b,,Version 26.6.2 (Build 25G83)
Apple M5 Max,uint32,zero,2097152,2,cpu-qsort,1.964,,,,,,,,true,0.4.0,daefabcd5b9a6b33c15bbfb51561bd493900dc5a37ad5b75a09f8ca0da89ca3b,,Version 26.6.2 (Build 25G83)
Apple M5 Max,uint32,zero,2097152,3,cpu-qsort,1.830,,,,,,,,true,0.4.0,daefabcd5b9a6b33c15bbfb51561bd493900dc5a37ad5b75a09f8ca0da89ca3b,,Version 26.6.2 (Build 25G83)
Apple M5 Max,uint32,zero,2097152,4,cpu-qsort,1.862,,,,,,,,true,0.4.0,daefabcd5b9a6b33c15bbfb51561bd493900dc5a37ad5b75a09f8ca0da89ca3b,,Version 26.6.2 (Build 25G83)
Apple M5 Max,uint32,zero,2097152,5,cpu-qsort,1.917,,,,,,,,true,0.4.0,daefabcd5b9a6b33c15bbfb51561bd493900dc5a37ad5b75a09f8ca0da89ca3b,,Version 26.6.2 (Build 25G83)
Apple M5 Max,uint32,zero,2097152,1,cpu-stdsort,1.733,,,,,,,,true,0.4.0,daefabcd5b9a6b33c15bbfb51561bd493900dc5a37ad5b75a09f8ca0da89ca3b,,Version 26.6.2 (Build 25G83)
Apple M5 Max,uint32,zero,2097152,2,cpu-stdsort,1.733,,,,,,,,true,0.4.0,daefabcd5b9a6b33c15bbfb51561bd493900dc5a37ad5b75a09f8ca0da89ca3b,,Version 26.6.2 (Build 25G83)
Apple M5 Max,uint32,zero,2097152,3,cpu-stdsort,1.747,,,,,,,,true,0.4.0,daefabcd5b9a6b33c15bbfb51561bd493900dc5a37ad5b75a09f8ca0da89ca3b,,Version 26.6.2 (Build 25G83)
Apple M5 Max,uint32,zero,2097152,4,cpu-stdsort,1.746,,,,,,,,true,0.4.0,daefabcd5b9a6b33c15bbfb51561bd493900dc5a37ad5b75a09f8ca0da89ca3b,,Version 26.6.2 (Build 25G83)
Apple M5 Max,uint32,zero,2097152,5,cpu-stdsort,1.769,,,,,,,,true,0.4.0,daefabcd5b9a6b33c15bbfb51561bd493900dc5a37ad5b75a09f8ca0da89ca3b,,Version 26.6.2 (Build 25G83)
Apple M5 Max,uint32,zero,4194304,1,gpu-quicksort,1.472,0.698,512,1024,4096,1,0,0,true,0.4.0,daefabcd5b9a6b33c15bbfb51561bd493900dc5a37ad5b75a09f8ca0da89ca3b,Apple M5 Max,Version 26.6.2 (Build 25G83)
Apple M5 Max,uint32,zero,4194304,2,gpu-quicksort,1.513,0.692,512,1024,4096,1,0,0,true,0.4.0,daefabcd5b9a6b33c15bbfb51561bd493900dc5a37ad5b75a09f8ca0da89ca3b,Apple M5 Max,Version 26.6.2 (Build 25G83)
Apple M5 Max,uint32,zero,4194304,3,gpu-quicksort,1.508,0.689,512,1024,4096,1,0,0,true,0.4.0,daefabcd5b9a6b33c15bbfb51561bd493900dc5a37ad5b75a09f8ca0da89ca3b,Apple M5 Max,Version 26.6.2 (Build 25G83)
Apple M5 Max,uint32,zero,4194304,4,gpu-quicksort,1.473,0.679,512,1024,4096,1,0,0,true,0.4.0,daefabcd5b9a6b33c15bbfb51561bd493900dc5a37ad5b75a09f8ca0da89ca3b,Apple M5 Max,Version 26.6.2 (Build 25G83)
Apple M5 Max,uint32,zero,4194304,5,gpu-quicksort,1.415,0.682,512,1024,4096,1,0,0,true,0.4.0,daefabcd5b9a6b33c15bbfb51561bd493900dc5a37ad5b75a09f8ca0da89ca3b,Apple M5 Max,Version 26.6.2 (Build 25G83)
Apple M5 Max,uint32,zero,4194304,1,cpu-swift,2.899,,,,,,,,true,0.4.0,daefabcd5b9a6b33c15bbfb51561bd493900dc5a37ad5b75a09f8ca0da89ca3b,,Version 26.6.2 (Build 25G83)
Apple M5 Max,uint32,zero,4194304,2,cpu-swift,2.747,,,,,,,,true,0.4.0,daefabcd5b9a6b33c15bbfb51561bd493900dc5a37ad5b75a09f8ca0da89ca3b,,Version 26.6.2 (Build 25G83)
Apple M5 Max,uint32,zero,4194304,3,cpu-swift,2.885,,,,,,,,true,0.4.0,daefabcd5b9a6b33c15bbfb51561bd493900dc5a37ad5b75a09f8ca0da89ca3b,,Version 26.6.2 (Build 25G83)
Apple M5 Max,uint32,zero,4194304,4,cpu-swift,2.876,,,,,,,,true,0.4.0,daefabcd5b9a6b33c15bbfb51561bd493900dc5a37ad5b75a09f8ca0da89ca3b,,Version 26.6.2 (Build 25G83)
Apple M5 Max,uint32,zero,4194304,5,cpu-swift,2.772,,,,,,,,true,0.4.0,daefabcd5b9a6b33c15bbfb51561bd493900dc5a37ad5b75a09f8ca0da89ca3b,,Version 26.6.2 (Build 25G83)
Apple M5 Max,uint32,zero,4194304,1,cpu-qsort,3.747,,,,,,,,true,0.4.0,daefabcd5b9a6b33c15bbfb51561bd493900dc5a37ad5b75a09f8ca0da89ca3b,,Version 26.6.2 (Build 25G83)
Apple M5 Max,uint32,zero,4194304,2,cpu-qsort,3.912,,,,,,,,true,0.4.0,daefabcd5b9a6b33c15bbfb51561bd493900dc5a37ad5b75a09f8ca0da89ca3b,,Version 26.6.2 (Build 25G83)
Apple M5 Max,uint32,zero,4194304,3,cpu-qsort,3.709,,,,,,,,true,0.4.0,daefabcd5b9a6b33c15bbfb51561bd493900dc5a37ad5b75a09f8ca0da89ca3b,,Version 26.6.2 (Build 25G83)
Apple M5 Max,uint32,zero,4194304,4,cpu-qsort,3.883,,,,,,,,true,0.4.0,daefabcd5b9a6b33c15bbfb51561bd493900dc5a37ad5b75a09f8ca0da89ca3b,,Version 26.6.2 (Build 25G83)
Apple M5 Max,uint32,zero,4194304,5,cpu-qsort,3.717,,,,,,,,true,0.4.0,daefabcd5b9a6b33c15bbfb51561bd493900dc5a37ad5b75a09f8ca0da89ca3b,,Version 26.6.2 (Build 25G83)
Apple M5 Max,uint32,zero,4194304,1,cpu-stdsort,3.463,,,,,,,,true,0.4.0,daefabcd5b9a6b33c15bbfb51561bd493900dc5a37ad5b75a09f8ca0da89ca3b,,Version 26.6.2 (Build 25G83)
Apple M5 Max,uint32,zero,4194304,2,cpu-stdsort,3.468,,,,,,,,true,0.4.0,daefabcd5b9a6b33c15bbfb51561bd493900dc5a37ad5b75a09f8ca0da89ca3b,,Version 26.6.2 (Build 25G83)
Apple M5 Max,uint32,zero,4194304,3,cpu-stdsort,3.465,,,,,,,,true,0.4.0,daefabcd5b9a6b33c15bbfb51561bd493900dc5a37ad5b75a09f8ca0da89ca3b,,Version 26.6.2 (Build 25G83)
Apple M5 Max,uint32,zero,4194304,4,cpu-stdsort,3.474,,,,,,,,true,0.4.0,daefabcd5b9a6b33c15bbfb51561bd493900dc5a37ad5b75a09f8ca0da89ca3b,,Version 26.6.2 (Build 25G83)
Apple M5 Max,uint32,zero,4194304,5,cpu-stdsort,3.505,,,,,,,,true,0.4.0,daefabcd5b9a6b33c15bbfb51561bd493900dc5a37ad5b75a09f8ca0da89ca3b,,Version 26.6.2 (Build 25G83)
Apple M5 Max,uint32,zero,8388608,1,gpu-quicksort,2.293,1.435,512,2048,4096,1,0,0,true,0.4.0,daefabcd5b9a6b33c15bbfb51561bd493900dc5a37ad5b75a09f8ca0da89ca3b,Apple M5 Max,Version 26.6.2 (Build 25G83)
Apple M5 Max,uint32,zero,8388608,2,gpu-quicksort,2.310,1.449,512,2048,4096,1,0,0,true,0.4.0,daefabcd5b9a6b33c15bbfb51561bd493900dc5a37ad5b75a09f8ca0da89ca3b,Apple M5 Max,Version 26.6.2 (Build 25G83)
Apple M5 Max,uint32,zero,8388608,3,gpu-quicksort,2.147,1.492,512,2048,4096,1,0,0,true,0.4.0,daefabcd5b9a6b33c15bbfb51561bd493900dc5a37ad5b75a09f8ca0da89ca3b,Apple M5 Max,Version 26.6.2 (Build 25G83)
Apple M5 Max,uint32,zero,8388608,4,gpu-quicksort,1.836,1.174,512,2048,4096,1,0,0,true,0.4.0,daefabcd5b9a6b33c15bbfb51561bd493900dc5a37ad5b75a09f8ca0da89ca3b,Apple M5 Max,Version 26.6.2 (Build 25G83)
Apple M5 Max,uint32,zero,8388608,5,gpu-quicksort,2.000,0.995,512,2048,4096,1,0,0,true,0.4.0,daefabcd5b9a6b33c15bbfb51561bd493900dc5a37ad5b75a09f8ca0da89ca3b,Apple M5 Max,Version 26.6.2 (Build 25G83)
Apple M5 Max,uint32,zero,8388608,1,cpu-swift,5.691,,,,,,,,true,0.4.0,daefabcd5b9a6b33c15bbfb51561bd493900dc5a37ad5b75a09f8ca0da89ca3b,,Version 26.6.2 (Build 25G83)
Apple M5 Max,uint32,zero,8388608,2,cpu-swift,5.592,,,,,,,,true,0.4.0,daefabcd5b9a6b33c15bbfb51561bd493900dc5a37ad5b75a09f8ca0da89ca3b,,Version 26.6.2 (Build 25G83)
Apple M5 Max,uint32,zero,8388608,3,cpu-swift,5.593,,,,,,,,true,0.4.0,daefabcd5b9a6b33c15bbfb51561bd493900dc5a37ad5b75a09f8ca0da89ca3b,,Version 26.6.2 (Build 25G83)
Apple M5 Max,uint32,zero,8388608,4,cpu-swift,5.663,,,,,,,,true,0.4.0,daefabcd5b9a6b33c15bbfb51561bd493900dc5a37ad5b75a09f8ca0da89ca3b,,Version 26.6.2 (Build 25G83)
Apple M5 Max,uint32,zero,8388608,5,cpu-swift,5.784,,,,,,,,true,0.4.0,daefabcd5b9a6b33c15bbfb51561bd493900dc5a37ad5b75a09f8ca0da89ca3b,,Version 26.6.2 (Build 25G83)
Apple M5 Max,uint32,zero,8388608,1,cpu-qsort,7.663,,,,,,,,true,0.4.0,daefabcd5b9a6b33c15bbfb51561bd493900dc5a37ad5b75a09f8ca0da89ca3b,,Version 26.6.2 (Build 25G83)
Apple M5 Max,uint32,zero,8388608,2,cpu-qsort,7.694,,,,,,,,true,0.4.0,daefabcd5b9a6b33c15bbfb51561bd493900dc5a37ad5b75a09f8ca0da89ca3b,,Version 26.6.2 (Build 25G83)
Apple M5 Max,uint32,zero,8388608,3,cpu-qsort,7.609,,,,,,,,true,0.4.0,daefabcd5b9a6b33c15bbfb51561bd493900dc5a37ad5b75a09f8ca0da89ca3b,,Version 26.6.2 (Build 25G83)
Apple M5 Max,uint32,zero,8388608,4,cpu-qsort,7.659,,,,,,,,true,0.4.0,daefabcd5b9a6b33c15bbfb51561bd493900dc5a37ad5b75a09f8ca0da89ca3b,,Version 26.6.2 (Build 25G83)
Apple M5 Max,uint32,zero,8388608,5,cpu-qsort,7.685,,,,,,,,true,0.4.0,daefabcd5b9a6b33c15bbfb51561bd493900dc5a37ad5b75a09f8ca0da89ca3b,,Version 26.6.2 (Build 25G83)
Apple M5 Max,uint32,zero,8388608,1,cpu-stdsort,6.944,,,,,,,,true,0.4.0,daefabcd5b9a6b33c15bbfb51561bd493900dc5a37ad5b75a09f8ca0da89ca3b,,Version 26.6.2 (Build 25G83)
Apple M5 Max,uint32,zero,8388608,2,cpu-stdsort,6.929,,,,,,,,true,0.4.0,daefabcd5b9a6b33c15bbfb51561bd493900dc5a37ad5b75a09f8ca0da89ca3b,,Version 26.6.2 (Build 25G83)
Apple M5 Max,uint32,zero,8388608,3,cpu-stdsort,6.923,,,,,,,,true,0.4.0,daefabcd5b9a6b33c15bbfb51561bd493900dc5a37ad5b75a09f8ca0da89ca3b,,Version 26.6.2 (Build 25G83)
Apple M5 Max,uint32,zero,8388608,4,cpu-stdsort,6.947,,,,,,,,true,0.4.0,daefabcd5b9a6b33c15bbfb51561bd493900dc5a37ad5b75a09f8ca0da89ca3b,,Version 26.6.2 (Build 25G83)
Apple M5 Max,uint32,zero,8388608,5,cpu-stdsort,6.947,,,,,,,,true,0.4.0,daefabcd5b9a6b33c15bbfb51561bd493900dc5a37ad5b75a09f8ca0da89ca3b,,Version 26.6.2 (Build 25G83)
Apple M5 Max,uint32,zero,16777216,1,gpu-quicksort,3.306,2.391,512,4096,4096,1,0,0,true,0.4.0,daefabcd5b9a6b33c15bbfb51561bd493900dc5a37ad5b75a09f8ca0da89ca3b,Apple M5 Max,Version 26.6.2 (Build 25G83)
Apple M5 Max,uint32,zero,16777216,2,gpu-quicksort,2.779,2.057,512,4096,4096,1,0,0,true,0.4.0,daefabcd5b9a6b33c15bbfb51561bd493900dc5a37ad5b75a09f8ca0da89ca3b,Apple M5 Max,Version 26.6.2 (Build 25G83)
Apple M5 Max,uint32,zero,16777216,3,gpu-quicksort,2.125,1.355,512,4096,4096,1,0,0,true,0.4.0,daefabcd5b9a6b33c15bbfb51561bd493900dc5a37ad5b75a09f8ca0da89ca3b,Apple M5 Max,Version 26.6.2 (Build 25G83)
Apple M5 Max,uint32,zero,16777216,4,gpu-quicksort,2.318,1.144,512,4096,4096,1,0,0,true,0.4.0,daefabcd5b9a6b33c15bbfb51561bd493900dc5a37ad5b75a09f8ca0da89ca3b,Apple M5 Max,Version 26.6.2 (Build 25G83)
Apple M5 Max,uint32,zero,16777216,5,gpu-quicksort,2.265,0.911,512,4096,4096,1,0,0,true,0.4.0,daefabcd5b9a6b33c15bbfb51561bd493900dc5a37ad5b75a09f8ca0da89ca3b,Apple M5 Max,Version 26.6.2 (Build 25G83)
Apple M5 Max,uint32,zero,16777216,1,cpu-swift,13.622,,,,,,,,true,0.4.0,daefabcd5b9a6b33c15bbfb51561bd493900dc5a37ad5b75a09f8ca0da89ca3b,,Version 26.6.2 (Build 25G83)
Apple M5 Max,uint32,zero,16777216,2,cpu-swift,11.345,,,,,,,,true,0.4.0,daefabcd5b9a6b33c15bbfb51561bd493900dc5a37ad5b75a09f8ca0da89ca3b,,Version 26.6.2 (Build 25G83)
Apple M5 Max,uint32,zero,16777216,3,cpu-swift,11.321,,,,,,,,true,0.4.0,daefabcd5b9a6b33c15bbfb51561bd493900dc5a37ad5b75a09f8ca0da89ca3b,,Version 26.6.2 (Build 25G83)
Apple M5 Max,uint32,zero,16777216,4,cpu-swift,11.333,,,,,,,,true,0.4.0,daefabcd5b9a6b33c15bbfb51561bd493900dc5a37ad5b75a09f8ca0da89ca3b,,Version 26.6.2 (Build 25G83)
Apple M5 Max,uint32,zero,16777216,5,cpu-swift,11.313,,,,,,,,true,0.4.0,daefabcd5b9a6b33c15bbfb51561bd493900dc5a37ad5b75a09f8ca0da89ca3b,,Version 26.6.2 (Build 25G83)
Apple M5 Max,uint32,zero,16777216,1,cpu-qsort,15.216,,,,,,,,true,0.4.0,daefabcd5b9a6b33c15bbfb51561bd493900dc5a37ad5b75a09f8ca0da89ca3b,,Version 26.6.2 (Build 25G83)
Apple M5 Max,uint32,zero,16777216,2,cpu-qsort,15.125,,,,,,,,true,0.4.0,daefabcd5b9a6b33c15bbfb51561bd493900dc5a37ad5b75a09f8ca0da89ca3b,,Version 26.6.2 (Build 25G83)
Apple M5 Max,uint32,zero,16777216,3,cpu-qsort,15.353,,,,,,,,true,0.4.0,daefabcd5b9a6b33c15bbfb51561bd493900dc5a37ad5b75a09f8ca0da89ca3b,,Version 26.6.2 (Build 25G83)
Apple M5 Max,uint32,zero,16777216,4,cpu-qsort,15.171,,,,,,,,true,0.4.0,daefabcd5b9a6b33c15bbfb51561bd493900dc5a37ad5b75a09f8ca0da89ca3b,,Version 26.6.2 (Build 25G83)
Apple M5 Max,uint32,zero,16777216,5,cpu-qsort,15.115,,,,,,,,true,0.4.0,daefabcd5b9a6b33c15bbfb51561bd493900dc5a37ad5b75a09f8ca0da89ca3b,,Version 26.6.2 (Build 25G83)
Apple M5 Max,uint32,zero,16777216,1,cpu-stdsort,13.976,,,,,,,,true,0.4.0,daefabcd5b9a6b33c15bbfb51561bd493900dc5a37ad5b75a09f8ca0da89ca3b,,Version 26.6.2 (Build 25G83)
Apple M5 Max,uint32,zero,16777216,2,cpu-stdsort,13.926,,,,,,,,true,0.4.0,daefabcd5b9a6b33c15bbfb51561bd493900dc5a37ad5b75a09f8ca0da89ca3b,,Version 26.6.2 (Build 25G83)
Apple M5 Max,uint32,zero,16777216,3,cpu-stdsort,13.988,,,,,,,,true,0.4.0,daefabcd5b9a6b33c15bbfb51561bd493900dc5a37ad5b75a09f8ca0da89ca3b,,Version 26.6.2 (Build 25G83)
Apple M5 Max,uint32,zero,16777216,4,cpu-stdsort,13.971,,,,,,,,true,0.4.0,daefabcd5b9a6b33c15bbfb51561bd493900dc5a37ad5b75a09f8ca0da89ca3b,,Version 26.6.2 (Build 25G83)
Apple M5 Max,uint32,zero,16777216,5,cpu-stdsort,13.876,,,,,,,,true,0.4.0,daefabcd5b9a6b33c15bbfb51561bd493900dc5a37ad5b75a09f8ca0da89ca3b,,Version 26.6.2 (Build 25G83)
Apple M5 Max,uint32,bucket,1048576,1,gpu-quicksort,4.082,1.771,512,256,4096,11,297,3,true,0.4.0,daefabcd5b9a6b33c15bbfb51561bd493900dc5a37ad5b75a09f8ca0da89ca3b,Apple M5 Max,Version 26.6.2 (Build 25G83)
Apple M5 Max,uint32,bucket,1048576,2,gpu-quicksort,3.730,1.842,512,256,4096,10,267,2,true,0.4.0,daefabcd5b9a6b33c15bbfb51561bd493900dc5a37ad5b75a09f8ca0da89ca3b,Apple M5 Max,Version 26.6.2 (Build 25G83)
Apple M5 Max,uint32,bucket,1048576,3,gpu-quicksort,3.640,1.694,512,256,4096,11,318,2,true,0.4.0,daefabcd5b9a6b33c15bbfb51561bd493900dc5a37ad5b75a09f8ca0da89ca3b,Apple M5 Max,Version 26.6.2 (Build 25G83)
Apple M5 Max,uint32,bucket,1048576,4,gpu-quicksort,4.135,2.008,512,256,4096,11,310,2,true,0.4.0,daefabcd5b9a6b33c15bbfb51561bd493900dc5a37ad5b75a09f8ca0da89ca3b,Apple M5 Max,Version 26.6.2 (Build 25G83)
Apple M5 Max,uint32,bucket,1048576,5,gpu-quicksort,3.416,1.005,512,256,4096,11,312,2,true,0.4.0,daefabcd5b9a6b33c15bbfb51561bd493900dc5a37ad5b75a09f8ca0da89ca3b,Apple M5 Max,Version 26.6.2 (Build 25G83)
Apple M5 Max,uint32,bucket,1048576,1,cpu-swift,50.749,,,,,,,,true,0.4.0,daefabcd5b9a6b33c15bbfb51561bd493900dc5a37ad5b75a09f8ca0da89ca3b,,Version 26.6.2 (Build 25G83)
Apple M5 Max,uint32,bucket,1048576,2,cpu-swift,50.945,,,,,,,,true,0.4.0,daefabcd5b9a6b33c15bbfb51561bd493900dc5a37ad5b75a09f8ca0da89ca3b,,Version 26.6.2 (Build 25G83)
Apple M5 Max,uint32,bucket,1048576,3,cpu-swift,50.617,,,,,,,,true,0.4.0,daefabcd5b9a6b33c15bbfb51561bd493900dc5a37ad5b75a09f8ca0da89ca3b,,Version 26.6.2 (Build 25G83)
Apple M5 Max,uint32,bucket,1048576,4,cpu-swift,50.817,,,,,,,,true,0.4.0,daefabcd5b9a6b33c15bbfb51561bd493900dc5a37ad5b75a09f8ca0da89ca3b,,Version 26.6.2 (Build 25G83)
Apple M5 Max,uint32,bucket,1048576,5,cpu-swift,50.721,,,,,,,,true,0.4.0,daefabcd5b9a6b33c15bbfb51561bd493900dc5a37ad5b75a09f8ca0da89ca3b,,Version 26.6.2 (Build 25G83)
Apple M5 Max,uint32,bucket,1048576,1,cpu-qsort,53.024,,,,,,,,true,0.4.0,daefabcd5b9a6b33c15bbfb51561bd493900dc5a37ad5b75a09f8ca0da89ca3b,,Version 26.6.2 (Build 25G83)
Apple M5 Max,uint32,bucket,1048576,2,cpu-qsort,52.288,,,,,,,,true,0.4.0,daefabcd5b9a6b33c15bbfb51561bd493900dc5a37ad5b75a09f8ca0da89ca3b,,Version 26.6.2 (Build 25G83)
Apple M5 Max,uint32,bucket,1048576,3,cpu-qsort,52.607,,,,,,,,true,0.4.0,daefabcd5b9a6b33c15bbfb51561bd493900dc5a37ad5b75a09f8ca0da89ca3b,,Version 26.6.2 (Build 25G83)
Apple M5 Max,uint32,bucket,1048576,4,cpu-qsort,51.412,,,,,,,,true,0.4.0,daefabcd5b9a6b33c15bbfb51561bd493900dc5a37ad5b75a09f8ca0da89ca3b,,Version 26.6.2 (Build 25G83)
Apple M5 Max,uint32,bucket,1048576,5,cpu-qsort,51.785,,,,,,,,true,0.4.0,daefabcd5b9a6b33c15bbfb51561bd493900dc5a37ad5b75a09f8ca0da89ca3b,,Version 26.6.2 (Build 25G83)
Apple M5 Max,uint32,bucket,1048576,1,cpu-stdsort,14.810,,,,,,,,true,0.4.0,daefabcd5b9a6b33c15bbfb51561bd493900dc5a37ad5b75a09f8ca0da89ca3b,,Version 26.6.2 (Build 25G83)
Apple M5 Max,uint32,bucket,1048576,2,cpu-stdsort,14.790,,,,,,,,true,0.4.0,daefabcd5b9a6b33c15bbfb51561bd493900dc5a37ad5b75a09f8ca0da89ca3b,,Version 26.6.2 (Build 25G83)
Apple M5 Max,uint32,bucket,1048576,3,cpu-stdsort,14.778,,,,,,,,true,0.4.0,daefabcd5b9a6b33c15bbfb51561bd493900dc5a37ad5b75a09f8ca0da89ca3b,,Version 26.6.2 (Build 25G83)
Apple M5 Max,uint32,bucket,1048576,4,cpu-stdsort,14.595,,,,,,,,true,0.4.0,daefabcd5b9a6b33c15bbfb51561bd493900dc5a37ad5b75a09f8ca0da89ca3b,,Version 26.6.2 (Build 25G83)
Apple M5 Max,uint32,bucket,1048576,5,cpu-stdsort,14.676,,,,,,,,true,0.4.0,daefabcd5b9a6b33c15bbfb51561bd493900dc5a37ad5b75a09f8ca0da89ca3b,,Version 26.6.2 (Build 25G83)
Apple M5 Max,uint32,bucket,2097152,1,gpu-quicksort,6.935,4.175,512,512,4096,13,622,2,true,0.4.0,daefabcd5b9a6b33c15bbfb51561bd493900dc5a37ad5b75a09f8ca0da89ca3b,Apple M5 Max,Version 26.6.2 (Build 25G83)
Apple M5 Max,uint32,bucket,2097152,2,gpu-quicksort,6.048,2.611,512,512,4096,13,608,2,true,0.4.0,daefabcd5b9a6b33c15bbfb51561bd493900dc5a37ad5b75a09f8ca0da89ca3b,Apple M5 Max,Version 26.6.2 (Build 25G83)
Apple M5 Max,uint32,bucket,2097152,3,gpu-quicksort,4.626,1.950,512,512,4096,13,566,3,true,0.4.0,daefabcd5b9a6b33c15bbfb51561bd493900dc5a37ad5b75a09f8ca0da89ca3b,Apple M5 Max,Version 26.6.2 (Build 25G83)
Apple M5 Max,uint32,bucket,2097152,4,gpu-quicksort,4.078,1.766,512,512,4096,12,579,3,true,0.4.0,daefabcd5b9a6b33c15bbfb51561bd493900dc5a37ad5b75a09f8ca0da89ca3b,Apple M5 Max,Version 26.6.2 (Build 25G83)
Apple M5 Max,uint32,bucket,2097152,5,gpu-quicksort,4.398,2.072,512,512,4096,12,518,4,true,0.4.0,daefabcd5b9a6b33c15bbfb51561bd493900dc5a37ad5b75a09f8ca0da89ca3b,Apple M5 Max,Version 26.6.2 (Build 25G83)
Apple M5 Max,uint32,bucket,2097152,1,cpu-swift,109.177,,,,,,,,true,0.4.0,daefabcd5b9a6b33c15bbfb51561bd493900dc5a37ad5b75a09f8ca0da89ca3b,,Version 26.6.2 (Build 25G83)
Apple M5 Max,uint32,bucket,2097152,2,cpu-swift,109.277,,,,,,,,true,0.4.0,daefabcd5b9a6b33c15bbfb51561bd493900dc5a37ad5b75a09f8ca0da89ca3b,,Version 26.6.2 (Build 25G83)
Apple M5 Max,uint32,bucket,2097152,3,cpu-swift,109.465,,,,,,,,true,0.4.0,daefabcd5b9a6b33c15bbfb51561bd493900dc5a37ad5b75a09f8ca0da89ca3b,,Version 26.6.2 (Build 25G83)
Apple M5 Max,uint32,bucket,2097152,4,cpu-swift,108.991,,,,,,,,true,0.4.0,daefabcd5b9a6b33c15bbfb51561bd493900dc5a37ad5b75a09f8ca0da89ca3b,,Version 26.6.2 (Build 25G83)
Apple M5 Max,uint32,bucket,2097152,5,cpu-swift,109.302,,,,,,,,true,0.4.0,daefabcd5b9a6b33c15bbfb51561bd493900dc5a37ad5b75a09f8ca0da89ca3b,,Version 26.6.2 (Build 25G83)
Apple M5 Max,uint32,bucket,2097152,1,cpu-qsort,110.654,,,,,,,,true,0.4.0,daefabcd5b9a6b33c15bbfb51561bd493900dc5a37ad5b75a09f8ca0da89ca3b,,Version 26.6.2 (Build 25G83)
Apple M5 Max,uint32,bucket,2097152,2,cpu-qsort,109.757,,,,,,,,true,0.4.0,daefabcd5b9a6b33c15bbfb51561bd493900dc5a37ad5b75a09f8ca0da89ca3b,,Version 26.6.2 (Build 25G83)
Apple M5 Max,uint32,bucket,2097152,3,cpu-qsort,109.668,,,,,,,,true,0.4.0,daefabcd5b9a6b33c15bbfb51561bd493900dc5a37ad5b75a09f8ca0da89ca3b,,Version 26.6.2 (Build 25G83)
Apple M5 Max,uint32,bucket,2097152,4,cpu-qsort,109.939,,,,,,,,true,0.4.0,daefabcd5b9a6b33c15bbfb51561bd493900dc5a37ad5b75a09f8ca0da89ca3b,,Version 26.6.2 (Build 25G83)
Apple M5 Max,uint32,bucket,2097152,5,cpu-qsort,110.116,,,,,,,,true,0.4.0,daefabcd5b9a6b33c15bbfb51561bd493900dc5a37ad5b75a09f8ca0da89ca3b,,Version 26.6.2 (Build 25G83)
Apple M5 Max,uint32,bucket,2097152,1,cpu-stdsort,30.413,,,,,,,,true,0.4.0,daefabcd5b9a6b33c15bbfb51561bd493900dc5a37ad5b75a09f8ca0da89ca3b,,Version 26.6.2 (Build 25G83)
Apple M5 Max,uint32,bucket,2097152,2,cpu-stdsort,30.252,,,,,,,,true,0.4.0,daefabcd5b9a6b33c15bbfb51561bd493900dc5a37ad5b75a09f8ca0da89ca3b,,Version 26.6.2 (Build 25G83)
Apple M5 Max,uint32,bucket,2097152,3,cpu-stdsort,30.359,,,,,,,,true,0.4.0,daefabcd5b9a6b33c15bbfb51561bd493900dc5a37ad5b75a09f8ca0da89ca3b,,Version 26.6.2 (Build 25G83)
Apple M5 Max,uint32,bucket,2097152,4,cpu-stdsort,30.142,,,,,,,,true,0.4.0,daefabcd5b9a6b33c15bbfb51561bd493900dc5a37ad5b75a09f8ca0da89ca3b,,Version 26.6.2 (Build 25G83)
Apple M5 Max,uint32,bucket,2097152,5,cpu-stdsort,30.200,,,,,,,,true,0.4.0,daefabcd5b9a6b33c15bbfb51561bd493900dc5a37ad5b75a09f8ca0da89ca3b,,Version 26.6.2 (Build 25G83)
Apple M5 Max,uint32,bucket,4194304,1,gpu-quicksort,6.652,3.417,512,1024,4096,14,1250,3,true,0.4.0,daefabcd5b9a6b33c15bbfb51561bd493900dc5a37ad5b75a09f8ca0da89ca3b,Apple M5 Max,Version 26.6.2 (Build 25G83)
Apple M5 Max,uint32,bucket,4194304,2,gpu-quicksort,6.271,3.117,512,1024,4096,13,1124,3,true,0.4.0,daefabcd5b9a6b33c15bbfb51561bd493900dc5a37ad5b75a09f8ca0da89ca3b,Apple M5 Max,Version 26.6.2 (Build 25G83)
Apple M5 Max,uint32,bucket,4194304,3,gpu-quicksort,6.202,2.948,512,1024,4096,13,1139,3,true,0.4.0,daefabcd5b9a6b33c15bbfb51561bd493900dc5a37ad5b75a09f8ca0da89ca3b,Apple M5 Max,Version 26.6.2 (Build 25G83)
Apple M5 Max,uint32,bucket,4194304,4,gpu-quicksort,6.509,3.337,512,1024,4096,14,1219,3,true,0.4.0,daefabcd5b9a6b33c15bbfb51561bd493900dc5a37ad5b75a09f8ca0da89ca3b,Apple M5 Max,Version 26.6.2 (Build 25G83)
Apple M5 Max,uint32,bucket,4194304,5,gpu-quicksort,6.017,3.025,512,1024,4096,13,1202,3,true,0.4.0,daefabcd5b9a6b33c15bbfb51561bd493900dc5a37ad5b75a09f8ca0da89ca3b,Apple M5 Max,Version 26.6.2 (Build 25G83)
Apple M5 Max,uint32,bucket,4194304,1,cpu-swift,233.000,,,,,,,,true,0.4.0,daefabcd5b9a6b33c15bbfb51561bd493900dc5a37ad5b75a09f8ca0da89ca3b,,Version 26.6.2 (Build 25G83)
Apple M5 Max,uint32,bucket,4194304,2,cpu-swift,232.717,,,,,,,,true,0.4.0,daefabcd5b9a6b33c15bbfb51561bd493900dc5a37ad5b75a09f8ca0da89ca3b,,Version 26.6.2 (Build 25G83)
Apple M5 Max,uint32,bucket,4194304,3,cpu-swift,232.676,,,,,,,,true,0.4.0,daefabcd5b9a6b33c15bbfb51561bd493900dc5a37ad5b75a09f8ca0da89ca3b,,Version 26.6.2 (Build 25G83)
Apple M5 Max,uint32,bucket,4194304,4,cpu-swift,232.645,,,,,,,,true,0.4.0,daefabcd5b9a6b33c15bbfb51561bd493900dc5a37ad5b75a09f8ca0da89ca3b,,Version 26.6.2 (Build 25G83)
Apple M5 Max,uint32,bucket,4194304,5,cpu-swift,232.736,,,,,,,,true,0.4.0,daefabcd5b9a6b33c15bbfb51561bd493900dc5a37ad5b75a09f8ca0da89ca3b,,Version 26.6.2 (Build 25G83)
Apple M5 Max,uint32,bucket,4194304,1,cpu-qsort,233.313,,,,,,,,true,0.4.0,daefabcd5b9a6b33c15bbfb51561bd493900dc5a37ad5b75a09f8ca0da89ca3b,,Version 26.6.2 (Build 25G83)
Apple M5 Max,uint32,bucket,4194304,2,cpu-qsort,233.832,,,,,,,,true,0.4.0,daefabcd5b9a6b33c15bbfb51561bd493900dc5a37ad5b75a09f8ca0da89ca3b,,Version 26.6.2 (Build 25G83)
Apple M5 Max,uint32,bucket,4194304,3,cpu-qsort,233.820,,,,,,,,true,0.4.0,daefabcd5b9a6b33c15bbfb51561bd493900dc5a37ad5b75a09f8ca0da89ca3b,,Version 26.6.2 (Build 25G83)
Apple M5 Max,uint32,bucket,4194304,4,cpu-qsort,234.468,,,,,,,,true,0.4.0,daefabcd5b9a6b33c15bbfb51561bd493900dc5a37ad5b75a09f8ca0da89ca3b,,Version 26.6.2 (Build 25G83)
Apple M5 Max,uint32,bucket,4194304,5,cpu-qsort,233.224,,,,,,,,true,0.4.0,daefabcd5b9a6b33c15bbfb51561bd493900dc5a37ad5b75a09f8ca0da89ca3b,,Version 26.6.2 (Build 25G83)
Apple M5 Max,uint32,bucket,4194304,1,cpu-stdsort,61.724,,,,,,,,true,0.4.0,daefabcd5b9a6b33c15bbfb51561bd493900dc5a37ad5b75a09f8ca0da89ca3b,,Version 26.6.2 (Build 25G83)
Apple M5 Max,uint32,bucket,4194304,2,cpu-stdsort,61.689,,,,,,,,true,0.4.0,daefabcd5b9a6b33c15bbfb51561bd493900dc5a37ad5b75a09f8ca0da89ca3b,,Version 26.6.2 (Build 25G83)
Apple M5 Max,uint32,bucket,4194304,3,cpu-stdsort,61.917,,,,,,,,true,0.4.0,daefabcd5b9a6b33c15bbfb51561bd493900dc5a37ad5b75a09f8ca0da89ca3b,,Version 26.6.2 (Build 25G83)
Apple M5 Max,uint32,bucket,4194304,4,cpu-stdsort,61.892,,,,,,,,true,0.4.0,daefabcd5b9a6b33c15bbfb51561bd493900dc5a37ad5b75a09f8ca0da89ca3b,,Version 26.6.2 (Build 25G83)
Apple M5 Max,uint32,bucket,4194304,5,cpu-stdsort,61.750,,,,,,,,true,0.4.0,daefabcd5b9a6b33c15bbfb51561bd493900dc5a37ad5b75a09f8ca0da89ca3b,,Version 26.6.2 (Build 25G83)
Apple M5 Max,uint32,bucket,8388608,1,gpu-quicksort,10.270,6.324,512,2048,4096,14,2168,3,true,0.4.0,daefabcd5b9a6b33c15bbfb51561bd493900dc5a37ad5b75a09f8ca0da89ca3b,Apple M5 Max,Version 26.6.2 (Build 25G83)
Apple M5 Max,uint32,bucket,8388608,2,gpu-quicksort,10.753,6.420,512,2048,4096,14,2350,4,true,0.4.0,daefabcd5b9a6b33c15bbfb51561bd493900dc5a37ad5b75a09f8ca0da89ca3b,Apple M5 Max,Version 26.6.2 (Build 25G83)
Apple M5 Max,uint32,bucket,8388608,3,gpu-quicksort,10.091,6.428,512,2048,4096,14,2248,4,true,0.4.0,daefabcd5b9a6b33c15bbfb51561bd493900dc5a37ad5b75a09f8ca0da89ca3b,Apple M5 Max,Version 26.6.2 (Build 25G83)
Apple M5 Max,uint32,bucket,8388608,4,gpu-quicksort,9.950,6.102,512,2048,4096,14,2213,4,true,0.4.0,daefabcd5b9a6b33c15bbfb51561bd493900dc5a37ad5b75a09f8ca0da89ca3b,Apple M5 Max,Version 26.6.2 (Build 25G83)
Apple M5 Max,uint32,bucket,8388608,5,gpu-quicksort,10.403,6.261,512,2048,4096,15,2431,3,true,0.4.0,daefabcd5b9a6b33c15bbfb51561bd493900dc5a37ad5b75a09f8ca0da89ca3b,Apple M5 Max,Version 26.6.2 (Build 25G83)
Apple M5 Max,uint32,bucket,8388608,1,cpu-swift,501.463,,,,,,,,true,0.4.0,daefabcd5b9a6b33c15bbfb51561bd493900dc5a37ad5b75a09f8ca0da89ca3b,,Version 26.6.2 (Build 25G83)
Apple M5 Max,uint32,bucket,8388608,2,cpu-swift,495.862,,,,,,,,true,0.4.0,daefabcd5b9a6b33c15bbfb51561bd493900dc5a37ad5b75a09f8ca0da89ca3b,,Version 26.6.2 (Build 25G83)
Apple M5 Max,uint32,bucket,8388608,3,cpu-swift,497.201,,,,,,,,true,0.4.0,daefabcd5b9a6b33c15bbfb51561bd493900dc5a37ad5b75a09f8ca0da89ca3b,,Version 26.6.2 (Build 25G83)
Apple M5 Max,uint32,bucket,8388608,4,cpu-swift,496.511,,,,,,,,true,0.4.0,daefabcd5b9a6b33c15bbfb51561bd493900dc5a37ad5b75a09f8ca0da89ca3b,,Version 26.6.2 (Build 25G83)
Apple M5 Max,uint32,bucket,8388608,5,cpu-swift,495.196,,,,,,,,true,0.4.0,daefabcd5b9a6b33c15bbfb51561bd493900dc5a37ad5b75a09f8ca0da89ca3b,,Version 26.6.2 (Build 25G83)
Apple M5 Max,uint32,bucket,8388608,1,cpu-qsort,495.604,,,,,,,,true,0.4.0,daefabcd5b9a6b33c15bbfb51561bd493900dc5a37ad5b75a09f8ca0da89ca3b,,Version 26.6.2 (Build 25G83)
Apple M5 Max,uint32,bucket,8388608,2,cpu-qsort,495.043,,,,,,,,true,0.4.0,daefabcd5b9a6b33c15bbfb51561bd493900dc5a37ad5b75a09f8ca0da89ca3b,,Version 26.6.2 (Build 25G83)
Apple M5 Max,uint32,bucket,8388608,3,cpu-qsort,494.848,,,,,,,,true,0.4.0,daefabcd5b9a6b33c15bbfb51561bd493900dc5a37ad5b75a09f8ca0da89ca3b,,Version 26.6.2 (Build 25G83)
Apple M5 Max,uint32,bucket,8388608,4,cpu-qsort,494.730,,,,,,,,true,0.4.0,daefabcd5b9a6b33c15bbfb51561bd493900dc5a37ad5b75a09f8ca0da89ca3b,,Version 26.6.2 (Build 25G83)
Apple M5 Max,uint32,bucket,8388608,5,cpu-qsort,495.061,,,,,,,,true,0.4.0,daefabcd5b9a6b33c15bbfb51561bd493900dc5a37ad5b75a09f8ca0da89ca3b,,Version 26.6.2 (Build 25G83)
Apple M5 Max,uint32,bucket,8388608,1,cpu-stdsort,126.714,,,,,,,,true,0.4.0,daefabcd5b9a6b33c15bbfb51561bd493900dc5a37ad5b75a09f8ca0da89ca3b,,Version 26.6.2 (Build 25G83)
Apple M5 Max,uint32,bucket,8388608,2,cpu-stdsort,126.713,,,,,,,,true,0.4.0,daefabcd5b9a6b33c15bbfb51561bd493900dc5a37ad5b75a09f8ca0da89ca3b,,Version 26.6.2 (Build 25G83)
Apple M5 Max,uint32,bucket,8388608,3,cpu-stdsort,126.780,,,,,,,,true,0.4.0,daefabcd5b9a6b33c15bbfb51561bd493900dc5a37ad5b75a09f8ca0da89ca3b,,Version 26.6.2 (Build 25G83)
Apple M5 Max,uint32,bucket,8388608,4,cpu-stdsort,126.639,,,,,,,,true,0.4.0,daefabcd5b9a6b33c15bbfb51561bd493900dc5a37ad5b75a09f8ca0da89ca3b,,Version 26.6.2 (Build 25G83)
Apple M5 Max,uint32,bucket,8388608,5,cpu-stdsort,126.810,,,,,,,,true,0.4.0,daefabcd5b9a6b33c15bbfb51561bd493900dc5a37ad5b75a09f8ca0da89ca3b,,Version 26.6.2 (Build 25G83)
Apple M5 Max,uint32,bucket,16777216,1,gpu-quicksort,18.481,13.705,512,4096,4096,16,4687,4,true,0.4.0,daefabcd5b9a6b33c15bbfb51561bd493900dc5a37ad5b75a09f8ca0da89ca3b,Apple M5 Max,Version 26.6.2 (Build 25G83)
Apple M5 Max,uint32,bucket,16777216,2,gpu-quicksort,18.984,14.275,512,4096,4096,15,4238,5,true,0.4.0,daefabcd5b9a6b33c15bbfb51561bd493900dc5a37ad5b75a09f8ca0da89ca3b,Apple M5 Max,Version 26.6.2 (Build 25G83)
Apple M5 Max,uint32,bucket,16777216,3,gpu-quicksort,18.328,13.263,512,4096,4096,16,4393,4,true,0.4.0,daefabcd5b9a6b33c15bbfb51561bd493900dc5a37ad5b75a09f8ca0da89ca3b,Apple M5 Max,Version 26.6.2 (Build 25G83)
Apple M5 Max,uint32,bucket,16777216,4,gpu-quicksort,17.922,13.203,512,4096,4096,15,4292,4,true,0.4.0,daefabcd5b9a6b33c15bbfb51561bd493900dc5a37ad5b75a09f8ca0da89ca3b,Apple M5 Max,Version 26.6.2 (Build 25G83)
Apple M5 Max,uint32,bucket,16777216,5,gpu-quicksort,18.072,12.783,512,4096,4096,15,4113,4,true,0.4.0,daefabcd5b9a6b33c15bbfb51561bd493900dc5a37ad5b75a09f8ca0da89ca3b,Apple M5 Max,Version 26.6.2 (Build 25G83)
Apple M5 Max,uint32,bucket,16777216,1,cpu-swift,1051.071,,,,,,,,true,0.4.0,daefabcd5b9a6b33c15bbfb51561bd493900dc5a37ad5b75a09f8ca0da89ca3b,,Version 26.6.2 (Build 25G83)
Apple M5 Max,uint32,bucket,16777216,2,cpu-swift,1051.315,,,,,,,,true,0.4.0,daefabcd5b9a6b33c15bbfb51561bd493900dc5a37ad5b75a09f8ca0da89ca3b,,Version 26.6.2 (Build 25G83)
Apple M5 Max,uint32,bucket,16777216,3,cpu-swift,1049.584,,,,,,,,true,0.4.0,daefabcd5b9a6b33c15bbfb51561bd493900dc5a37ad5b75a09f8ca0da89ca3b,,Version 26.6.2 (Build 25G83)
Apple M5 Max,uint32,bucket,16777216,4,cpu-swift,1049.589,,,,,,,,true,0.4.0,daefabcd5b9a6b33c15bbfb51561bd493900dc5a37ad5b75a09f8ca0da89ca3b,,Version 26.6.2 (Build 25G83)
Apple M5 Max,uint32,bucket,16777216,5,cpu-swift,1052.854,,,,,,,,true,0.4.0,daefabcd5b9a6b33c15bbfb51561bd493900dc5a37ad5b75a09f8ca0da89ca3b,,Version 26.6.2 (Build 25G83)
Apple M5 Max,uint32,bucket,16777216,1,cpu-qsort,1019.092,,,,,,,,true,0.4.0,daefabcd5b9a6b33c15bbfb51561bd493900dc5a37ad5b75a09f8ca0da89ca3b,,Version 26.6.2 (Build 25G83)
Apple M5 Max,uint32,bucket,16777216,2,cpu-qsort,1023.061,,,,,,,,true,0.4.0,daefabcd5b9a6b33c15bbfb51561bd493900dc5a37ad5b75a09f8ca0da89ca3b,,Version 26.6.2 (Build 25G83)
Apple M5 Max,uint32,bucket,16777216,3,cpu-qsort,1024.517,,,,,,,,true,0.4.0,daefabcd5b9a6b33c15bbfb51561bd493900dc5a37ad5b75a09f8ca0da89ca3b,,Version 26.6.2 (Build 25G83)
Apple M5 Max,uint32,bucket,16777216,4,cpu-qsort,1028.685,,,,,,,,true,0.4.0,daefabcd5b9a6b33c15bbfb51561bd493900dc5a37ad5b75a09f8ca0da89ca3b,,Version 26.6.2 (Build 25G83)
Apple M5 Max,uint32,bucket,16777216,5,cpu-qsort,1031.261,,,,,,,,true,0.4.0,daefabcd5b9a6b33c15bbfb51561bd493900dc5a37ad5b75a09f8ca0da89ca3b,,Version 26.6.2 (Build 25G83)
Apple M5 Max,uint32,bucket,16777216,1,cpu-stdsort,260.485,,,,,,,,true,0.4.0,daefabcd5b9a6b33c15bbfb51561bd493900dc5a37ad5b75a09f8ca0da89ca3b,,Version 26.6.2 (Build 25G83)
Apple M5 Max,uint32,bucket,16777216,2,cpu-stdsort,259.986,,,,,,,,true,0.4.0,daefabcd5b9a6b33c15bbfb51561bd493900dc5a37ad5b75a09f8ca0da89ca3b,,Version 26.6.2 (Build 25G83)
Apple M5 Max,uint32,bucket,16777216,3,cpu-stdsort,260.959,,,,,,,,true,0.4.0,daefabcd5b9a6b33c15bbfb51561bd493900dc5a37ad5b75a09f8ca0da89ca3b,,Version 26.6.2 (Build 25G83)
Apple M5 Max,uint32,bucket,16777216,4,cpu-stdsort,259.012,,,,,,,,true,0.4.0,daefabcd5b9a6b33c15bbfb51561bd493900dc5a37ad5b75a09f8ca0da89ca3b,,Version 26.6.2 (Build 25G83)
Apple M5 Max,uint32,bucket,16777216,5,cpu-stdsort,258.589,,,,,,,,true,0.4.0,daefabcd5b9a6b33c15bbfb51561bd493900dc5a37ad5b75a09f8ca0da89ca3b,,Version 26.6.2 (Build 25G83)
Apple M5 Max,uint32,gaussian,1048576,1,gpu-quicksort,7.118,4.388,512,256,4096,10,274,2,true,0.4.0,daefabcd5b9a6b33c15bbfb51561bd493900dc5a37ad5b75a09f8ca0da89ca3b,Apple M5 Max,Version 26.6.2 (Build 25G83)
Apple M5 Max,uint32,gaussian,1048576,2,gpu-quicksort,3.278,1.298,512,256,4096,10,282,3,true,0.4.0,daefabcd5b9a6b33c15bbfb51561bd493900dc5a37ad5b75a09f8ca0da89ca3b,Apple M5 Max,Version 26.6.2 (Build 25G83)
Apple M5 Max,uint32,gaussian,1048576,3,gpu-quicksort,2.698,0.827,512,256,4096,10,312,2,true,0.4.0,daefabcd5b9a6b33c15bbfb51561bd493900dc5a37ad5b75a09f8ca0da89ca3b,Apple M5 Max,Version 26.6.2 (Build 25G83)
Apple M5 Max,uint32,gaussian,1048576,4,gpu-quicksort,2.767,0.913,512,256,4096,10,315,2,true,0.4.0,daefabcd5b9a6b33c15bbfb51561bd493900dc5a37ad5b75a09f8ca0da89ca3b,Apple M5 Max,Version 26.6.2 (Build 25G83)
Apple M5 Max,uint32,gaussian,1048576,5,gpu-quicksort,3.005,0.898,512,256,4096,11,289,2,true,0.4.0,daefabcd5b9a6b33c15bbfb51561bd493900dc5a37ad5b75a09f8ca0da89ca3b,Apple M5 Max,Version 26.6.2 (Build 25G83)
Apple M5 Max,uint32,gaussian,1048576,1,cpu-swift,74.181,,,,,,,,true,0.4.0,daefabcd5b9a6b33c15bbfb51561bd493900dc5a37ad5b75a09f8ca0da89ca3b,,Version 26.6.2 (Build 25G83)
Apple M5 Max,uint32,gaussian,1048576,2,cpu-swift,74.168,,,,,,,,true,0.4.0,daefabcd5b9a6b33c15bbfb51561bd493900dc5a37ad5b75a09f8ca0da89ca3b,,Version 26.6.2 (Build 25G83)
Apple M5 Max,uint32,gaussian,1048576,3,cpu-swift,74.101,,,,,,,,true,0.4.0,daefabcd5b9a6b33c15bbfb51561bd493900dc5a37ad5b75a09f8ca0da89ca3b,,Version 26.6.2 (Build 25G83)
Apple M5 Max,uint32,gaussian,1048576,4,cpu-swift,74.514,,,,,,,,true,0.4.0,daefabcd5b9a6b33c15bbfb51561bd493900dc5a37ad5b75a09f8ca0da89ca3b,,Version 26.6.2 (Build 25G83)
Apple M5 Max,uint32,gaussian,1048576,5,cpu-swift,75.083,,,,,,,,true,0.4.0,daefabcd5b9a6b33c15bbfb51561bd493900dc5a37ad5b75a09f8ca0da89ca3b,,Version 26.6.2 (Build 25G83)
Apple M5 Max,uint32,gaussian,1048576,1,cpu-qsort,63.394,,,,,,,,true,0.4.0,daefabcd5b9a6b33c15bbfb51561bd493900dc5a37ad5b75a09f8ca0da89ca3b,,Version 26.6.2 (Build 25G83)
Apple M5 Max,uint32,gaussian,1048576,2,cpu-qsort,63.352,,,,,,,,true,0.4.0,daefabcd5b9a6b33c15bbfb51561bd493900dc5a37ad5b75a09f8ca0da89ca3b,,Version 26.6.2 (Build 25G83)
Apple M5 Max,uint32,gaussian,1048576,3,cpu-qsort,63.361,,,,,,,,true,0.4.0,daefabcd5b9a6b33c15bbfb51561bd493900dc5a37ad5b75a09f8ca0da89ca3b,,Version 26.6.2 (Build 25G83)
Apple M5 Max,uint32,gaussian,1048576,4,cpu-qsort,63.623,,,,,,,,true,0.4.0,daefabcd5b9a6b33c15bbfb51561bd493900dc5a37ad5b75a09f8ca0da89ca3b,,Version 26.6.2 (Build 25G83)
Apple M5 Max,uint32,gaussian,1048576,5,cpu-qsort,63.440,,,,,,,,true,0.4.0,daefabcd5b9a6b33c15bbfb51561bd493900dc5a37ad5b75a09f8ca0da89ca3b,,Version 26.6.2 (Build 25G83)
Apple M5 Max,uint32,gaussian,1048576,1,cpu-stdsort,14.114,,,,,,,,true,0.4.0,daefabcd5b9a6b33c15bbfb51561bd493900dc5a37ad5b75a09f8ca0da89ca3b,,Version 26.6.2 (Build 25G83)
Apple M5 Max,uint32,gaussian,1048576,2,cpu-stdsort,14.079,,,,,,,,true,0.4.0,daefabcd5b9a6b33c15bbfb51561bd493900dc5a37ad5b75a09f8ca0da89ca3b,,Version 26.6.2 (Build 25G83)
Apple M5 Max,uint32,gaussian,1048576,3,cpu-stdsort,14.182,,,,,,,,true,0.4.0,daefabcd5b9a6b33c15bbfb51561bd493900dc5a37ad5b75a09f8ca0da89ca3b,,Version 26.6.2 (Build 25G83)
Apple M5 Max,uint32,gaussian,1048576,4,cpu-stdsort,14.031,,,,,,,,true,0.4.0,daefabcd5b9a6b33c15bbfb51561bd493900dc5a37ad5b75a09f8ca0da89ca3b,,Version 26.6.2 (Build 25G83)
Apple M5 Max,uint32,gaussian,1048576,5,cpu-stdsort,13.948,,,,,,,,true,0.4.0,daefabcd5b9a6b33c15bbfb51561bd493900dc5a37ad5b75a09f8ca0da89ca3b,,Version 26.6.2 (Build 25G83)
Apple M5 Max,uint32,gaussian,2097152,1,gpu-quicksort,10.509,6.962,512,512,4096,11,637,2,true,0.4.0,daefabcd5b9a6b33c15bbfb51561bd493900dc5a37ad5b75a09f8ca0da89ca3b,Apple M5 Max,Version 26.6.2 (Build 25G83)
Apple M5 Max,uint32,gaussian,2097152,2,gpu-quicksort,4.894,2.554,512,512,4096,11,560,4,true,0.4.0,daefabcd5b9a6b33c15bbfb51561bd493900dc5a37ad5b75a09f8ca0da89ca3b,Apple M5 Max,Version 26.6.2 (Build 25G83)
Apple M5 Max,uint32,gaussian,2097152,3,gpu-quicksort,3.687,1.464,512,512,4096,11,634,2,true,0.4.0,daefabcd5b9a6b33c15bbfb51561bd493900dc5a37ad5b75a09f8ca0da89ca3b,Apple M5 Max,Version 26.6.2 (Build 25G83)
Apple M5 Max,uint32,gaussian,2097152,4,gpu-quicksort,3.703,1.503,512,512,4096,11,612,3,true,0.4.0,daefabcd5b9a6b33c15bbfb51561bd493900dc5a37ad5b75a09f8ca0da89ca3b,Apple M5 Max,Version 26.6.2 (Build 25G83)
Apple M5 Max,uint32,gaussian,2097152,5,gpu-quicksort,3.603,1.541,512,512,4096,11,586,3,true,0.4.0,daefabcd5b9a6b33c15bbfb51561bd493900dc5a37ad5b75a09f8ca0da89ca3b,Apple M5 Max,Version 26.6.2 (Build 25G83)
Apple M5 Max,uint32,gaussian,2097152,1,cpu-swift,158.519,,,,,,,,true,0.4.0,daefabcd5b9a6b33c15bbfb51561bd493900dc5a37ad5b75a09f8ca0da89ca3b,,Version 26.6.2 (Build 25G83)
Apple M5 Max,uint32,gaussian,2097152,2,cpu-swift,158.239,,,,,,,,true,0.4.0,daefabcd5b9a6b33c15bbfb51561bd493900dc5a37ad5b75a09f8ca0da89ca3b,,Version 26.6.2 (Build 25G83)
Apple M5 Max,uint32,gaussian,2097152,3,cpu-swift,156.417,,,,,,,,true,0.4.0,daefabcd5b9a6b33c15bbfb51561bd493900dc5a37ad5b75a09f8ca0da89ca3b,,Version 26.6.2 (Build 25G83)
Apple M5 Max,uint32,gaussian,2097152,4,cpu-swift,156.488,,,,,,,,true,0.4.0,daefabcd5b9a6b33c15bbfb51561bd493900dc5a37ad5b75a09f8ca0da89ca3b,,Version 26.6.2 (Build 25G83)
Apple M5 Max,uint32,gaussian,2097152,5,cpu-swift,159.528,,,,,,,,true,0.4.0,daefabcd5b9a6b33c15bbfb51561bd493900dc5a37ad5b75a09f8ca0da89ca3b,,Version 26.6.2 (Build 25G83)
Apple M5 Max,uint32,gaussian,2097152,1,cpu-qsort,135.678,,,,,,,,true,0.4.0,daefabcd5b9a6b33c15bbfb51561bd493900dc5a37ad5b75a09f8ca0da89ca3b,,Version 26.6.2 (Build 25G83)
Apple M5 Max,uint32,gaussian,2097152,2,cpu-qsort,135.912,,,,,,,,true,0.4.0,daefabcd5b9a6b33c15bbfb51561bd493900dc5a37ad5b75a09f8ca0da89ca3b,,Version 26.6.2 (Build 25G83)
Apple M5 Max,uint32,gaussian,2097152,3,cpu-qsort,135.069,,,,,,,,true,0.4.0,daefabcd5b9a6b33c15bbfb51561bd493900dc5a37ad5b75a09f8ca0da89ca3b,,Version 26.6.2 (Build 25G83)
Apple M5 Max,uint32,gaussian,2097152,4,cpu-qsort,135.102,,,,,,,,true,0.4.0,daefabcd5b9a6b33c15bbfb51561bd493900dc5a37ad5b75a09f8ca0da89ca3b,,Version 26.6.2 (Build 25G83)
Apple M5 Max,uint32,gaussian,2097152,5,cpu-qsort,134.500,,,,,,,,true,0.4.0,daefabcd5b9a6b33c15bbfb51561bd493900dc5a37ad5b75a09f8ca0da89ca3b,,Version 26.6.2 (Build 25G83)
Apple M5 Max,uint32,gaussian,2097152,1,cpu-stdsort,28.968,,,,,,,,true,0.4.0,daefabcd5b9a6b33c15bbfb51561bd493900dc5a37ad5b75a09f8ca0da89ca3b,,Version 26.6.2 (Build 25G83)
Apple M5 Max,uint32,gaussian,2097152,2,cpu-stdsort,28.794,,,,,,,,true,0.4.0,daefabcd5b9a6b33c15bbfb51561bd493900dc5a37ad5b75a09f8ca0da89ca3b,,Version 26.6.2 (Build 25G83)
Apple M5 Max,uint32,gaussian,2097152,3,cpu-stdsort,28.832,,,,,,,,true,0.4.0,daefabcd5b9a6b33c15bbfb51561bd493900dc5a37ad5b75a09f8ca0da89ca3b,,Version 26.6.2 (Build 25G83)
Apple M5 Max,uint32,gaussian,2097152,4,cpu-stdsort,28.702,,,,,,,,true,0.4.0,daefabcd5b9a6b33c15bbfb51561bd493900dc5a37ad5b75a09f8ca0da89ca3b,,Version 26.6.2 (Build 25G83)
Apple M5 Max,uint32,gaussian,2097152,5,cpu-stdsort,28.854,,,,,,,,true,0.4.0,daefabcd5b9a6b33c15bbfb51561bd493900dc5a37ad5b75a09f8ca0da89ca3b,,Version 26.6.2 (Build 25G83)
Apple M5 Max,uint32,gaussian,4194304,1,gpu-quicksort,5.846,2.954,512,1024,4096,12,1114,3,true,0.4.0,daefabcd5b9a6b33c15bbfb51561bd493900dc5a37ad5b75a09f8ca0da89ca3b,Apple M5 Max,Version 26.6.2 (Build 25G83)
Apple M5 Max,uint32,gaussian,4194304,2,gpu-quicksort,6.348,3.378,512,1024,4096,12,1062,3,true,0.4.0,daefabcd5b9a6b33c15bbfb51561bd493900dc5a37ad5b75a09f8ca0da89ca3b,Apple M5 Max,Version 26.6.2 (Build 25G83)
Apple M5 Max,uint32,gaussian,4194304,3,gpu-quicksort,6.359,3.354,512,1024,4096,12,1040,4,true,0.4.0,daefabcd5b9a6b33c15bbfb51561bd493900dc5a37ad5b75a09f8ca0da89ca3b,Apple M5 Max,Version 26.6.2 (Build 25G83)
Apple M5 Max,uint32,gaussian,4194304,4,gpu-quicksort,6.841,4.051,512,1024,4096,12,1060,4,true,0.4.0,daefabcd5b9a6b33c15bbfb51561bd493900dc5a37ad5b75a09f8ca0da89ca3b,Apple M5 Max,Version 26.6.2 (Build 25G83)
Apple M5 Max,uint32,gaussian,4194304,5,gpu-quicksort,6.184,3.137,512,1024,4096,12,1226,3,true,0.4.0,daefabcd5b9a6b33c15bbfb51561bd493900dc5a37ad5b75a09f8ca0da89ca3b,Apple M5 Max,Version 26.6.2 (Build 25G83)
Apple M5 Max,uint32,gaussian,4194304,1,cpu-swift,328.434,,,,,,,,true,0.4.0,daefabcd5b9a6b33c15bbfb51561bd493900dc5a37ad5b75a09f8ca0da89ca3b,,Version 26.6.2 (Build 25G83)
Apple M5 Max,uint32,gaussian,4194304,2,cpu-swift,328.178,,,,,,,,true,0.4.0,daefabcd5b9a6b33c15bbfb51561bd493900dc5a37ad5b75a09f8ca0da89ca3b,,Version 26.6.2 (Build 25G83)
Apple M5 Max,uint32,gaussian,4194304,3,cpu-swift,328.072,,,,,,,,true,0.4.0,daefabcd5b9a6b33c15bbfb51561bd493900dc5a37ad5b75a09f8ca0da89ca3b,,Version 26.6.2 (Build 25G83)
Apple M5 Max,uint32,gaussian,4194304,4,cpu-swift,327.773,,,,,,,,true,0.4.0,daefabcd5b9a6b33c15bbfb51561bd493900dc5a37ad5b75a09f8ca0da89ca3b,,Version 26.6.2 (Build 25G83)
Apple M5 Max,uint32,gaussian,4194304,5,cpu-swift,327.655,,,,,,,,true,0.4.0,daefabcd5b9a6b33c15bbfb51561bd493900dc5a37ad5b75a09f8ca0da89ca3b,,Version 26.6.2 (Build 25G83)
Apple M5 Max,uint32,gaussian,4194304,1,cpu-qsort,280.147,,,,,,,,true,0.4.0,daefabcd5b9a6b33c15bbfb51561bd493900dc5a37ad5b75a09f8ca0da89ca3b,,Version 26.6.2 (Build 25G83)
Apple M5 Max,uint32,gaussian,4194304,2,cpu-qsort,281.366,,,,,,,,true,0.4.0,daefabcd5b9a6b33c15bbfb51561bd493900dc5a37ad5b75a09f8ca0da89ca3b,,Version 26.6.2 (Build 25G83)
Apple M5 Max,uint32,gaussian,4194304,3,cpu-qsort,281.496,,,,,,,,true,0.4.0,daefabcd5b9a6b33c15bbfb51561bd493900dc5a37ad5b75a09f8ca0da89ca3b,,Version 26.6.2 (Build 25G83)
Apple M5 Max,uint32,gaussian,4194304,4,cpu-qsort,281.504,,,,,,,,true,0.4.0,daefabcd5b9a6b33c15bbfb51561bd493900dc5a37ad5b75a09f8ca0da89ca3b,,Version 26.6.2 (Build 25G83)
Apple M5 Max,uint32,gaussian,4194304,5,cpu-qsort,281.708,,,,,,,,true,0.4.0,daefabcd5b9a6b33c15bbfb51561bd493900dc5a37ad5b75a09f8ca0da89ca3b,,Version 26.6.2 (Build 25G83)
Apple M5 Max,uint32,gaussian,4194304,1,cpu-stdsort,59.372,,,,,,,,true,0.4.0,daefabcd5b9a6b33c15bbfb51561bd493900dc5a37ad5b75a09f8ca0da89ca3b,,Version 26.6.2 (Build 25G83)
Apple M5 Max,uint32,gaussian,4194304,2,cpu-stdsort,59.414,,,,,,,,true,0.4.0,daefabcd5b9a6b33c15bbfb51561bd493900dc5a37ad5b75a09f8ca0da89ca3b,,Version 26.6.2 (Build 25G83)
Apple M5 Max,uint32,gaussian,4194304,3,cpu-stdsort,59.186,,,,,,,,true,0.4.0,daefabcd5b9a6b33c15bbfb51561bd493900dc5a37ad5b75a09f8ca0da89ca3b,,Version 26.6.2 (Build 25G83)
Apple M5 Max,uint32,gaussian,4194304,4,cpu-stdsort,59.533,,,,,,,,true,0.4.0,daefabcd5b9a6b33c15bbfb51561bd493900dc5a37ad5b75a09f8ca0da89ca3b,,Version 26.6.2 (Build 25G83)
Apple M5 Max,uint32,gaussian,4194304,5,cpu-stdsort,59.548,,,,,,,,true,0.4.0,daefabcd5b9a6b33c15bbfb51561bd493900dc5a37ad5b75a09f8ca0da89ca3b,,Version 26.6.2 (Build 25G83)
Apple M5 Max,uint32,gaussian,8388608,1,gpu-quicksort,10.936,6.773,512,2048,4096,14,2178,4,true,0.4.0,daefabcd5b9a6b33c15bbfb51561bd493900dc5a37ad5b75a09f8ca0da89ca3b,Apple M5 Max,Version 26.6.2 (Build 25G83)
Apple M5 Max,uint32,gaussian,8388608,2,gpu-quicksort,10.192,6.462,512,2048,4096,14,2291,4,true,0.4.0,daefabcd5b9a6b33c15bbfb51561bd493900dc5a37ad5b75a09f8ca0da89ca3b,Apple M5 Max,Version 26.6.2 (Build 25G83)
Apple M5 Max,uint32,gaussian,8388608,3,gpu-quicksort,10.071,6.625,512,2048,4096,13,2055,4,true,0.4.0,daefabcd5b9a6b33c15bbfb51561bd493900dc5a37ad5b75a09f8ca0da89ca3b,Apple M5 Max,Version 26.6.2 (Build 25G83)
Apple M5 Max,uint32,gaussian,8388608,4,gpu-quicksort,10.552,6.728,512,2048,4096,15,2394,3,true,0.4.0,daefabcd5b9a6b33c15bbfb51561bd493900dc5a37ad5b75a09f8ca0da89ca3b,Apple M5 Max,Version 26.6.2 (Build 25G83)
Apple M5 Max,uint32,gaussian,8388608,5,gpu-quicksort,9.980,6.080,512,2048,4096,14,2372,3,true,0.4.0,daefabcd5b9a6b33c15bbfb51561bd493900dc5a37ad5b75a09f8ca0da89ca3b,Apple M5 Max,Version 26.6.2 (Build 25G83)
Apple M5 Max,uint32,gaussian,8388608,1,cpu-swift,687.452,,,,,,,,true,0.4.0,daefabcd5b9a6b33c15bbfb51561bd493900dc5a37ad5b75a09f8ca0da89ca3b,,Version 26.6.2 (Build 25G83)
Apple M5 Max,uint32,gaussian,8388608,2,cpu-swift,687.439,,,,,,,,true,0.4.0,daefabcd5b9a6b33c15bbfb51561bd493900dc5a37ad5b75a09f8ca0da89ca3b,,Version 26.6.2 (Build 25G83)
Apple M5 Max,uint32,gaussian,8388608,3,cpu-swift,685.700,,,,,,,,true,0.4.0,daefabcd5b9a6b33c15bbfb51561bd493900dc5a37ad5b75a09f8ca0da89ca3b,,Version 26.6.2 (Build 25G83)
Apple M5 Max,uint32,gaussian,8388608,4,cpu-swift,685.721,,,,,,,,true,0.4.0,daefabcd5b9a6b33c15bbfb51561bd493900dc5a37ad5b75a09f8ca0da89ca3b,,Version 26.6.2 (Build 25G83)
Apple M5 Max,uint32,gaussian,8388608,5,cpu-swift,687.324,,,,,,,,true,0.4.0,daefabcd5b9a6b33c15bbfb51561bd493900dc5a37ad5b75a09f8ca0da89ca3b,,Version 26.6.2 (Build 25G83)
Apple M5 Max,uint32,gaussian,8388608,1,cpu-qsort,583.726,,,,,,,,true,0.4.0,daefabcd5b9a6b33c15bbfb51561bd493900dc5a37ad5b75a09f8ca0da89ca3b,,Version 26.6.2 (Build 25G83)
Apple M5 Max,uint32,gaussian,8388608,2,cpu-qsort,585.921,,,,,,,,true,0.4.0,daefabcd5b9a6b33c15bbfb51561bd493900dc5a37ad5b75a09f8ca0da89ca3b,,Version 26.6.2 (Build 25G83)
Apple M5 Max,uint32,gaussian,8388608,3,cpu-qsort,587.051,,,,,,,,true,0.4.0,daefabcd5b9a6b33c15bbfb51561bd493900dc5a37ad5b75a09f8ca0da89ca3b,,Version 26.6.2 (Build 25G83)
Apple M5 Max,uint32,gaussian,8388608,4,cpu-qsort,587.813,,,,,,,,true,0.4.0,daefabcd5b9a6b33c15bbfb51561bd493900dc5a37ad5b75a09f8ca0da89ca3b,,Version 26.6.2 (Build 25G83)
Apple M5 Max,uint32,gaussian,8388608,5,cpu-qsort,587.554,,,,,,,,true,0.4.0,daefabcd5b9a6b33c15bbfb51561bd493900dc5a37ad5b75a09f8ca0da89ca3b,,Version 26.6.2 (Build 25G83)
Apple M5 Max,uint32,gaussian,8388608,1,cpu-stdsort,121.667,,,,,,,,true,0.4.0,daefabcd5b9a6b33c15bbfb51561bd493900dc5a37ad5b75a09f8ca0da89ca3b,,Version 26.6.2 (Build 25G83)
Apple M5 Max,uint32,gaussian,8388608,2,cpu-stdsort,121.758,,,,,,,,true,0.4.0,daefabcd5b9a6b33c15bbfb51561bd493900dc5a37ad5b75a09f8ca0da89ca3b,,Version 26.6.2 (Build 25G83)
Apple M5 Max,uint32,gaussian,8388608,3,cpu-stdsort,121.960,,,,,,,,true,0.4.0,daefabcd5b9a6b33c15bbfb51561bd493900dc5a37ad5b75a09f8ca0da89ca3b,,Version 26.6.2 (Build 25G83)
Apple M5 Max,uint32,gaussian,8388608,4,cpu-stdsort,121.897,,,,,,,,true,0.4.0,daefabcd5b9a6b33c15bbfb51561bd493900dc5a37ad5b75a09f8ca0da89ca3b,,Version 26.6.2 (Build 25G83)
Apple M5 Max,uint32,gaussian,8388608,5,cpu-stdsort,121.822,,,,,,,,true,0.4.0,daefabcd5b9a6b33c15bbfb51561bd493900dc5a37ad5b75a09f8ca0da89ca3b,,Version 26.6.2 (Build 25G83)
Apple M5 Max,uint32,gaussian,16777216,1,gpu-quicksort,17.715,12.976,512,4096,4096,15,4981,4,true,0.4.0,daefabcd5b9a6b33c15bbfb51561bd493900dc5a37ad5b75a09f8ca0da89ca3b,Apple M5 Max,Version 26.6.2 (Build 25G83)
Apple M5 Max,uint32,gaussian,16777216,2,gpu-quicksort,17.560,12.108,512,4096,4096,15,4214,4,true,0.4.0,daefabcd5b9a6b33c15bbfb51561bd493900dc5a37ad5b75a09f8ca0da89ca3b,Apple M5 Max,Version 26.6.2 (Build 25G83)
Apple M5 Max,uint32,gaussian,16777216,3,gpu-quicksort,18.588,13.302,512,4096,4096,15,4838,4,true,0.4.0,daefabcd5b9a6b33c15bbfb51561bd493900dc5a37ad5b75a09f8ca0da89ca3b,Apple M5 Max,Version 26.6.2 (Build 25G83)
Apple M5 Max,uint32,gaussian,16777216,4,gpu-quicksort,18.264,13.528,512,4096,4096,15,4185,4,true,0.4.0,daefabcd5b9a6b33c15bbfb51561bd493900dc5a37ad5b75a09f8ca0da89ca3b,Apple M5 Max,Version 26.6.2 (Build 25G83)
Apple M5 Max,uint32,gaussian,16777216,5,gpu-quicksort,18.274,13.469,512,4096,4096,15,4823,4,true,0.4.0,daefabcd5b9a6b33c15bbfb51561bd493900dc5a37ad5b75a09f8ca0da89ca3b,Apple M5 Max,Version 26.6.2 (Build 25G83)
Apple M5 Max,uint32,gaussian,16777216,1,cpu-swift,1433.397,,,,,,,,true,0.4.0,daefabcd5b9a6b33c15bbfb51561bd493900dc5a37ad5b75a09f8ca0da89ca3b,,Version 26.6.2 (Build 25G83)
Apple M5 Max,uint32,gaussian,16777216,2,cpu-swift,1434.404,,,,,,,,true,0.4.0,daefabcd5b9a6b33c15bbfb51561bd493900dc5a37ad5b75a09f8ca0da89ca3b,,Version 26.6.2 (Build 25G83)
Apple M5 Max,uint32,gaussian,16777216,3,cpu-swift,1432.429,,,,,,,,true,0.4.0,daefabcd5b9a6b33c15bbfb51561bd493900dc5a37ad5b75a09f8ca0da89ca3b,,Version 26.6.2 (Build 25G83)
Apple M5 Max,uint32,gaussian,16777216,4,cpu-swift,1434.913,,,,,,,,true,0.4.0,daefabcd5b9a6b33c15bbfb51561bd493900dc5a37ad5b75a09f8ca0da89ca3b,,Version 26.6.2 (Build 25G83)
Apple M5 Max,uint32,gaussian,16777216,5,cpu-swift,1432.972,,,,,,,,true,0.4.0,daefabcd5b9a6b33c15bbfb51561bd493900dc5a37ad5b75a09f8ca0da89ca3b,,Version 26.6.2 (Build 25G83)
Apple M5 Max,uint32,gaussian,16777216,1,cpu-qsort,1201.872,,,,,,,,true,0.4.0,daefabcd5b9a6b33c15bbfb51561bd493900dc5a37ad5b75a09f8ca0da89ca3b,,Version 26.6.2 (Build 25G83)
Apple M5 Max,uint32,gaussian,16777216,2,cpu-qsort,1203.731,,,,,,,,true,0.4.0,daefabcd5b9a6b33c15bbfb51561bd493900dc5a37ad5b75a09f8ca0da89ca3b,,Version 26.6.2 (Build 25G83)
Apple M5 Max,uint32,gaussian,16777216,3,cpu-qsort,1202.192,,,,,,,,true,0.4.0,daefabcd5b9a6b33c15bbfb51561bd493900dc5a37ad5b75a09f8ca0da89ca3b,,Version 26.6.2 (Build 25G83)
Apple M5 Max,uint32,gaussian,16777216,4,cpu-qsort,1201.079,,,,,,,,true,0.4.0,daefabcd5b9a6b33c15bbfb51561bd493900dc5a37ad5b75a09f8ca0da89ca3b,,Version 26.6.2 (Build 25G83)
Apple M5 Max,uint32,gaussian,16777216,5,cpu-qsort,1200.825,,,,,,,,true,0.4.0,daefabcd5b9a6b33c15bbfb51561bd493900dc5a37ad5b75a09f8ca0da89ca3b,,Version 26.6.2 (Build 25G83)
Apple M5 Max,uint32,gaussian,16777216,1,cpu-stdsort,252.751,,,,,,,,true,0.4.0,daefabcd5b9a6b33c15bbfb51561bd493900dc5a37ad5b75a09f8ca0da89ca3b,,Version 26.6.2 (Build 25G83)
Apple M5 Max,uint32,gaussian,16777216,2,cpu-stdsort,252.725,,,,,,,,true,0.4.0,daefabcd5b9a6b33c15bbfb51561bd493900dc5a37ad5b75a09f8ca0da89ca3b,,Version 26.6.2 (Build 25G83)
Apple M5 Max,uint32,gaussian,16777216,3,cpu-stdsort,252.776,,,,,,,,true,0.4.0,daefabcd5b9a6b33c15bbfb51561bd493900dc5a37ad5b75a09f8ca0da89ca3b,,Version 26.6.2 (Build 25G83)
Apple M5 Max,uint32,gaussian,16777216,4,cpu-stdsort,252.847,,,,,,,,true,0.4.0,daefabcd5b9a6b33c15bbfb51561bd493900dc5a37ad5b75a09f8ca0da89ca3b,,Version 26.6.2 (Build 25G83)
Apple M5 Max,uint32,gaussian,16777216,5,cpu-stdsort,252.669,,,,,,,,true,0.4.0,daefabcd5b9a6b33c15bbfb51561bd493900dc5a37ad5b75a09f8ca0da89ca3b,,Version 26.6.2 (Build 25G83)
Apple M5 Max,uint32,staggered,1048576,1,gpu-quicksort,8.902,6.003,512,256,4096,11,258,4,true,0.4.0,daefabcd5b9a6b33c15bbfb51561bd493900dc5a37ad5b75a09f8ca0da89ca3b,Apple M5 Max,Version 26.6.2 (Build 25G83)
Apple M5 Max,uint32,staggered,1048576,2,gpu-quicksort,2.933,0.857,512,256,4096,11,300,2,true,0.4.0,daefabcd5b9a6b33c15bbfb51561bd493900dc5a37ad5b75a09f8ca0da89ca3b,Apple M5 Max,Version 26.6.2 (Build 25G83)
Apple M5 Max,uint32,staggered,1048576,3,gpu-quicksort,3.214,1.189,512,256,4096,11,279,3,true,0.4.0,daefabcd5b9a6b33c15bbfb51561bd493900dc5a37ad5b75a09f8ca0da89ca3b,Apple M5 Max,Version 26.6.2 (Build 25G83)
Apple M5 Max,uint32,staggered,1048576,4,gpu-quicksort,2.974,1.021,512,256,4096,11,324,2,true,0.4.0,daefabcd5b9a6b33c15bbfb51561bd493900dc5a37ad5b75a09f8ca0da89ca3b,Apple M5 Max,Version 26.6.2 (Build 25G83)
Apple M5 Max,uint32,staggered,1048576,5,gpu-quicksort,3.572,1.535,512,256,4096,11,312,3,true,0.4.0,daefabcd5b9a6b33c15bbfb51561bd493900dc5a37ad5b75a09f8ca0da89ca3b,Apple M5 Max,Version 26.6.2 (Build 25G83)
Apple M5 Max,uint32,staggered,1048576,1,cpu-swift,50.159,,,,,,,,true,0.4.0,daefabcd5b9a6b33c15bbfb51561bd493900dc5a37ad5b75a09f8ca0da89ca3b,,Version 26.6.2 (Build 25G83)
Apple M5 Max,uint32,staggered,1048576,2,cpu-swift,50.420,,,,,,,,true,0.4.0,daefabcd5b9a6b33c15bbfb51561bd493900dc5a37ad5b75a09f8ca0da89ca3b,,Version 26.6.2 (Build 25G83)
Apple M5 Max,uint32,staggered,1048576,3,cpu-swift,50.172,,,,,,,,true,0.4.0,daefabcd5b9a6b33c15bbfb51561bd493900dc5a37ad5b75a09f8ca0da89ca3b,,Version 26.6.2 (Build 25G83)
Apple M5 Max,uint32,staggered,1048576,4,cpu-swift,50.090,,,,,,,,true,0.4.0,daefabcd5b9a6b33c15bbfb51561bd493900dc5a37ad5b75a09f8ca0da89ca3b,,Version 26.6.2 (Build 25G83)
Apple M5 Max,uint32,staggered,1048576,5,cpu-swift,50.223,,,,,,,,true,0.4.0,daefabcd5b9a6b33c15bbfb51561bd493900dc5a37ad5b75a09f8ca0da89ca3b,,Version 26.6.2 (Build 25G83)
Apple M5 Max,uint32,staggered,1048576,1,cpu-qsort,50.030,,,,,,,,true,0.4.0,daefabcd5b9a6b33c15bbfb51561bd493900dc5a37ad5b75a09f8ca0da89ca3b,,Version 26.6.2 (Build 25G83)
Apple M5 Max,uint32,staggered,1048576,2,cpu-qsort,49.291,,,,,,,,true,0.4.0,daefabcd5b9a6b33c15bbfb51561bd493900dc5a37ad5b75a09f8ca0da89ca3b,,Version 26.6.2 (Build 25G83)
Apple M5 Max,uint32,staggered,1048576,3,cpu-qsort,49.782,,,,,,,,true,0.4.0,daefabcd5b9a6b33c15bbfb51561bd493900dc5a37ad5b75a09f8ca0da89ca3b,,Version 26.6.2 (Build 25G83)
Apple M5 Max,uint32,staggered,1048576,4,cpu-qsort,50.849,,,,,,,,true,0.4.0,daefabcd5b9a6b33c15bbfb51561bd493900dc5a37ad5b75a09f8ca0da89ca3b,,Version 26.6.2 (Build 25G83)
Apple M5 Max,uint32,staggered,1048576,5,cpu-qsort,50.002,,,,,,,,true,0.4.0,daefabcd5b9a6b33c15bbfb51561bd493900dc5a37ad5b75a09f8ca0da89ca3b,,Version 26.6.2 (Build 25G83)
Apple M5 Max,uint32,staggered,1048576,1,cpu-stdsort,15.781,,,,,,,,true,0.4.0,daefabcd5b9a6b33c15bbfb51561bd493900dc5a37ad5b75a09f8ca0da89ca3b,,Version 26.6.2 (Build 25G83)
Apple M5 Max,uint32,staggered,1048576,2,cpu-stdsort,15.866,,,,,,,,true,0.4.0,daefabcd5b9a6b33c15bbfb51561bd493900dc5a37ad5b75a09f8ca0da89ca3b,,Version 26.6.2 (Build 25G83)
Apple M5 Max,uint32,staggered,1048576,3,cpu-stdsort,15.694,,,,,,,,true,0.4.0,daefabcd5b9a6b33c15bbfb51561bd493900dc5a37ad5b75a09f8ca0da89ca3b,,Version 26.6.2 (Build 25G83)
Apple M5 Max,uint32,staggered,1048576,4,cpu-stdsort,15.733,,,,,,,,true,0.4.0,daefabcd5b9a6b33c15bbfb51561bd493900dc5a37ad5b75a09f8ca0da89ca3b,,Version 26.6.2 (Build 25G83)
Apple M5 Max,uint32,staggered,1048576,5,cpu-stdsort,15.699,,,,,,,,true,0.4.0,daefabcd5b9a6b33c15bbfb51561bd493900dc5a37ad5b75a09f8ca0da89ca3b,,Version 26.6.2 (Build 25G83)
Apple M5 Max,uint32,staggered,2097152,1,gpu-quicksort,5.486,2.189,512,512,4096,14,561,2,true,0.4.0,daefabcd5b9a6b33c15bbfb51561bd493900dc5a37ad5b75a09f8ca0da89ca3b,Apple M5 Max,Version 26.6.2 (Build 25G83)
Apple M5 Max,uint32,staggered,2097152,2,gpu-quicksort,5.673,2.779,512,512,4096,15,541,4,true,0.4.0,daefabcd5b9a6b33c15bbfb51561bd493900dc5a37ad5b75a09f8ca0da89ca3b,Apple M5 Max,Version 26.6.2 (Build 25G83)
Apple M5 Max,uint32,staggered,2097152,3,gpu-quicksort,5.059,2.264,512,512,4096,15,564,3,true,0.4.0,daefabcd5b9a6b33c15bbfb51561bd493900dc5a37ad5b75a09f8ca0da89ca3b,Apple M5 Max,Version 26.6.2 (Build 25G83)
Apple M5 Max,uint32,staggered,2097152,4,gpu-quicksort,5.872,2.899,512,512,4096,16,565,3,true,0.4.0,daefabcd5b9a6b33c15bbfb51561bd493900dc5a37ad5b75a09f8ca0da89ca3b,Apple M5 Max,Version 26.6.2 (Build 25G83)
Apple M5 Max,uint32,staggered,2097152,5,gpu-quicksort,5.243,2.400,512,512,4096,14,524,3,true,0.4.0,daefabcd5b9a6b33c15bbfb51561bd493900dc5a37ad5b75a09f8ca0da89ca3b,Apple M5 Max,Version 26.6.2 (Build 25G83)
Apple M5 Max,uint32,staggered,2097152,1,cpu-swift,108.235,,,,,,,,true,0.4.0,daefabcd5b9a6b33c15bbfb51561bd493900dc5a37ad5b75a09f8ca0da89ca3b,,Version 26.6.2 (Build 25G83)
Apple M5 Max,uint32,staggered,2097152,2,cpu-swift,108.179,,,,,,,,true,0.4.0,daefabcd5b9a6b33c15bbfb51561bd493900dc5a37ad5b75a09f8ca0da89ca3b,,Version 26.6.2 (Build 25G83)
Apple M5 Max,uint32,staggered,2097152,3,cpu-swift,108.537,,,,,,,,true,0.4.0,daefabcd5b9a6b33c15bbfb51561bd493900dc5a37ad5b75a09f8ca0da89ca3b,,Version 26.6.2 (Build 25G83)
Apple M5 Max,uint32,staggered,2097152,4,cpu-swift,108.206,,,,,,,,true,0.4.0,daefabcd5b9a6b33c15bbfb51561bd493900dc5a37ad5b75a09f8ca0da89ca3b,,Version 26.6.2 (Build 25G83)
Apple M5 Max,uint32,staggered,2097152,5,cpu-swift,108.244,,,,,,,,true,0.4.0,daefabcd5b9a6b33c15bbfb51561bd493900dc5a37ad5b75a09f8ca0da89ca3b,,Version 26.6.2 (Build 25G83)
Apple M5 Max,uint32,staggered,2097152,1,cpu-qsort,108.225,,,,,,,,true,0.4.0,daefabcd5b9a6b33c15bbfb51561bd493900dc5a37ad5b75a09f8ca0da89ca3b,,Version 26.6.2 (Build 25G83)
Apple M5 Max,uint32,staggered,2097152,2,cpu-qsort,108.078,,,,,,,,true,0.4.0,daefabcd5b9a6b33c15bbfb51561bd493900dc5a37ad5b75a09f8ca0da89ca3b,,Version 26.6.2 (Build 25G83)
Apple M5 Max,uint32,staggered,2097152,3,cpu-qsort,107.786,,,,,,,,true,0.4.0,daefabcd5b9a6b33c15bbfb51561bd493900dc5a37ad5b75a09f8ca0da89ca3b,,Version 26.6.2 (Build 25G83)
Apple M5 Max,uint32,staggered,2097152,4,cpu-qsort,107.741,,,,,,,,true,0.4.0,daefabcd5b9a6b33c15bbfb51561bd493900dc5a37ad5b75a09f8ca0da89ca3b,,Version 26.6.2 (Build 25G83)
Apple M5 Max,uint32,staggered,2097152,5,cpu-qsort,109.518,,,,,,,,true,0.4.0,daefabcd5b9a6b33c15bbfb51561bd493900dc5a37ad5b75a09f8ca0da89ca3b,,Version 26.6.2 (Build 25G83)
Apple M5 Max,uint32,staggered,2097152,1,cpu-stdsort,32.347,,,,,,,,true,0.4.0,daefabcd5b9a6b33c15bbfb51561bd493900dc5a37ad5b75a09f8ca0da89ca3b,,Version 26.6.2 (Build 25G83)
Apple M5 Max,uint32,staggered,2097152,2,cpu-stdsort,32.237,,,,,,,,true,0.4.0,daefabcd5b9a6b33c15bbfb51561bd493900dc5a37ad5b75a09f8ca0da89ca3b,,Version 26.6.2 (Build 25G83)
Apple M5 Max,uint32,staggered,2097152,3,cpu-stdsort,32.240,,,,,,,,true,0.4.0,daefabcd5b9a6b33c15bbfb51561bd493900dc5a37ad5b75a09f8ca0da89ca3b,,Version 26.6.2 (Build 25G83)
Apple M5 Max,uint32,staggered,2097152,4,cpu-stdsort,32.314,,,,,,,,true,0.4.0,daefabcd5b9a6b33c15bbfb51561bd493900dc5a37ad5b75a09f8ca0da89ca3b,,Version 26.6.2 (Build 25G83)
Apple M5 Max,uint32,staggered,2097152,5,cpu-stdsort,32.257,,,,,,,,true,0.4.0,daefabcd5b9a6b33c15bbfb51561bd493900dc5a37ad5b75a09f8ca0da89ca3b,,Version 26.6.2 (Build 25G83)
Apple M5 Max,uint32,staggered,4194304,1,gpu-quicksort,9.042,4.647,512,1024,4096,19,1106,3,true,0.4.0,daefabcd5b9a6b33c15bbfb51561bd493900dc5a37ad5b75a09f8ca0da89ca3b,Apple M5 Max,Version 26.6.2 (Build 25G83)
Apple M5 Max,uint32,staggered,4194304,2,gpu-quicksort,9.906,5.993,512,1024,4096,19,1026,5,true,0.4.0,daefabcd5b9a6b33c15bbfb51561bd493900dc5a37ad5b75a09f8ca0da89ca3b,Apple M5 Max,Version 26.6.2 (Build 25G83)
Apple M5 Max,uint32,staggered,4194304,3,gpu-quicksort,7.866,4.019,512,1024,4096,17,1128,3,true,0.4.0,daefabcd5b9a6b33c15bbfb51561bd493900dc5a37ad5b75a09f8ca0da89ca3b,Apple M5 Max,Version 26.6.2 (Build 25G83)
Apple M5 Max,uint32,staggered,4194304,4,gpu-quicksort,8.018,4.562,512,1024,4096,16,1112,4,true,0.4.0,daefabcd5b9a6b33c15bbfb51561bd493900dc5a37ad5b75a09f8ca0da89ca3b,Apple M5 Max,Version 26.6.2 (Build 25G83)
Apple M5 Max,uint32,staggered,4194304,5,gpu-quicksort,6.407,3.056,512,1024,4096,14,1204,3,true,0.4.0,daefabcd5b9a6b33c15bbfb51561bd493900dc5a37ad5b75a09f8ca0da89ca3b,Apple M5 Max,Version 26.6.2 (Build 25G83)
Apple M5 Max,uint32,staggered,4194304,1,cpu-swift,232.220,,,,,,,,true,0.4.0,daefabcd5b9a6b33c15bbfb51561bd493900dc5a37ad5b75a09f8ca0da89ca3b,,Version 26.6.2 (Build 25G83)
Apple M5 Max,uint32,staggered,4194304,2,cpu-swift,231.956,,,,,,,,true,0.4.0,daefabcd5b9a6b33c15bbfb51561bd493900dc5a37ad5b75a09f8ca0da89ca3b,,Version 26.6.2 (Build 25G83)
Apple M5 Max,uint32,staggered,4194304,3,cpu-swift,231.916,,,,,,,,true,0.4.0,daefabcd5b9a6b33c15bbfb51561bd493900dc5a37ad5b75a09f8ca0da89ca3b,,Version 26.6.2 (Build 25G83)
Apple M5 Max,uint32,staggered,4194304,4,cpu-swift,231.840,,,,,,,,true,0.4.0,daefabcd5b9a6b33c15bbfb51561bd493900dc5a37ad5b75a09f8ca0da89ca3b,,Version 26.6.2 (Build 25G83)
Apple M5 Max,uint32,staggered,4194304,5,cpu-swift,231.880,,,,,,,,true,0.4.0,daefabcd5b9a6b33c15bbfb51561bd493900dc5a37ad5b75a09f8ca0da89ca3b,,Version 26.6.2 (Build 25G83)
Apple M5 Max,uint32,staggered,4194304,1,cpu-qsort,227.765,,,,,,,,true,0.4.0,daefabcd5b9a6b33c15bbfb51561bd493900dc5a37ad5b75a09f8ca0da89ca3b,,Version 26.6.2 (Build 25G83)
Apple M5 Max,uint32,staggered,4194304,2,cpu-qsort,227.968,,,,,,,,true,0.4.0,daefabcd5b9a6b33c15bbfb51561bd493900dc5a37ad5b75a09f8ca0da89ca3b,,Version 26.6.2 (Build 25G83)
Apple M5 Max,uint32,staggered,4194304,3,cpu-qsort,227.692,,,,,,,,true,0.4.0,daefabcd5b9a6b33c15bbfb51561bd493900dc5a37ad5b75a09f8ca0da89ca3b,,Version 26.6.2 (Build 25G83)
Apple M5 Max,uint32,staggered,4194304,4,cpu-qsort,227.734,,,,,,,,true,0.4.0,daefabcd5b9a6b33c15bbfb51561bd493900dc5a37ad5b75a09f8ca0da89ca3b,,Version 26.6.2 (Build 25G83)
Apple M5 Max,uint32,staggered,4194304,5,cpu-qsort,227.926,,,,,,,,true,0.4.0,daefabcd5b9a6b33c15bbfb51561bd493900dc5a37ad5b75a09f8ca0da89ca3b,,Version 26.6.2 (Build 25G83)
Apple M5 Max,uint32,staggered,4194304,1,cpu-stdsort,66.432,,,,,,,,true,0.4.0,daefabcd5b9a6b33c15bbfb51561bd493900dc5a37ad5b75a09f8ca0da89ca3b,,Version 26.6.2 (Build 25G83)
Apple M5 Max,uint32,staggered,4194304,2,cpu-stdsort,66.684,,,,,,,,true,0.4.0,daefabcd5b9a6b33c15bbfb51561bd493900dc5a37ad5b75a09f8ca0da89ca3b,,Version 26.6.2 (Build 25G83)
Apple M5 Max,uint32,staggered,4194304,3,cpu-stdsort,66.529,,,,,,,,true,0.4.0,daefabcd5b9a6b33c15bbfb51561bd493900dc5a37ad5b75a09f8ca0da89ca3b,,Version 26.6.2 (Build 25G83)
Apple M5 Max,uint32,staggered,4194304,4,cpu-stdsort,66.386,,,,,,,,true,0.4.0,daefabcd5b9a6b33c15bbfb51561bd493900dc5a37ad5b75a09f8ca0da89ca3b,,Version 26.6.2 (Build 25G83)
Apple M5 Max,uint32,staggered,4194304,5,cpu-stdsort,66.574,,,,,,,,true,0.4.0,daefabcd5b9a6b33c15bbfb51561bd493900dc5a37ad5b75a09f8ca0da89ca3b,,Version 26.6.2 (Build 25G83)
Apple M5 Max,uint32,staggered,8388608,1,gpu-quicksort,15.429,10.410,512,2048,4096,19,2074,4,true,0.4.0,daefabcd5b9a6b33c15bbfb51561bd493900dc5a37ad5b75a09f8ca0da89ca3b,Apple M5 Max,Version 26.6.2 (Build 25G83)
Apple M5 Max,uint32,staggered,8388608,2,gpu-quicksort,17.915,12.183,512,2048,4096,21,2138,5,true,0.4.0,daefabcd5b9a6b33c15bbfb51561bd493900dc5a37ad5b75a09f8ca0da89ca3b,Apple M5 Max,Version 26.6.2 (Build 25G83)
Apple M5 Max,uint32,staggered,8388608,3,gpu-quicksort,13.653,8.288,512,2048,4096,21,2263,4,true,0.4.0,daefabcd5b9a6b33c15bbfb51561bd493900dc5a37ad5b75a09f8ca0da89ca3b,Apple M5 Max,Version 26.6.2 (Build 25G83)
Apple M5 Max,uint32,staggered,8388608,4,gpu-quicksort,16.116,10.994,512,2048,4096,20,2246,5,true,0.4.0,daefabcd5b9a6b33c15bbfb51561bd493900dc5a37ad5b75a09f8ca0da89ca3b,Apple M5 Max,Version 26.6.2 (Build 25G83)
Apple M5 Max,uint32,staggered,8388608,5,gpu-quicksort,13.268,7.789,512,2048,4096,20,2317,4,true,0.4.0,daefabcd5b9a6b33c15bbfb51561bd493900dc5a37ad5b75a09f8ca0da89ca3b,Apple M5 Max,Version 26.6.2 (Build 25G83)
Apple M5 Max,uint32,staggered,8388608,1,cpu-swift,494.758,,,,,,,,true,0.4.0,daefabcd5b9a6b33c15bbfb51561bd493900dc5a37ad5b75a09f8ca0da89ca3b,,Version 26.6.2 (Build 25G83)
Apple M5 Max,uint32,staggered,8388608,2,cpu-swift,494.549,,,,,,,,true,0.4.0,daefabcd5b9a6b33c15bbfb51561bd493900dc5a37ad5b75a09f8ca0da89ca3b,,Version 26.6.2 (Build 25G83)
Apple M5 Max,uint32,staggered,8388608,3,cpu-swift,495.376,,,,,,,,true,0.4.0,daefabcd5b9a6b33c15bbfb51561bd493900dc5a37ad5b75a09f8ca0da89ca3b,,Version 26.6.2 (Build 25G83)
Apple M5 Max,uint32,staggered,8388608,4,cpu-swift,495.461,,,,,,,,true,0.4.0,daefabcd5b9a6b33c15bbfb51561bd493900dc5a37ad5b75a09f8ca0da89ca3b,,Version 26.6.2 (Build 25G83)
Apple M5 Max,uint32,staggered,8388608,5,cpu-swift,497.181,,,,,,,,true,0.4.0,daefabcd5b9a6b33c15bbfb51561bd493900dc5a37ad5b75a09f8ca0da89ca3b,,Version 26.6.2 (Build 25G83)
Apple M5 Max,uint32,staggered,8388608,1,cpu-qsort,483.671,,,,,,,,true,0.4.0,daefabcd5b9a6b33c15bbfb51561bd493900dc5a37ad5b75a09f8ca0da89ca3b,,Version 26.6.2 (Build 25G83)
Apple M5 Max,uint32,staggered,8388608,2,cpu-qsort,486.509,,,,,,,,true,0.4.0,daefabcd5b9a6b33c15bbfb51561bd493900dc5a37ad5b75a09f8ca0da89ca3b,,Version 26.6.2 (Build 25G83)
Apple M5 Max,uint32,staggered,8388608,3,cpu-qsort,480.642,,,,,,,,true,0.4.0,daefabcd5b9a6b33c15bbfb51561bd493900dc5a37ad5b75a09f8ca0da89ca3b,,Version 26.6.2 (Build 25G83)
Apple M5 Max,uint32,staggered,8388608,4,cpu-qsort,482.684,,,,,,,,true,0.4.0,daefabcd5b9a6b33c15bbfb51561bd493900dc5a37ad5b75a09f8ca0da89ca3b,,Version 26.6.2 (Build 25G83)
Apple M5 Max,uint32,staggered,8388608,5,cpu-qsort,482.537,,,,,,,,true,0.4.0,daefabcd5b9a6b33c15bbfb51561bd493900dc5a37ad5b75a09f8ca0da89ca3b,,Version 26.6.2 (Build 25G83)
Apple M5 Max,uint32,staggered,8388608,1,cpu-stdsort,135.696,,,,,,,,true,0.4.0,daefabcd5b9a6b33c15bbfb51561bd493900dc5a37ad5b75a09f8ca0da89ca3b,,Version 26.6.2 (Build 25G83)
Apple M5 Max,uint32,staggered,8388608,2,cpu-stdsort,135.251,,,,,,,,true,0.4.0,daefabcd5b9a6b33c15bbfb51561bd493900dc5a37ad5b75a09f8ca0da89ca3b,,Version 26.6.2 (Build 25G83)
Apple M5 Max,uint32,staggered,8388608,3,cpu-stdsort,135.094,,,,,,,,true,0.4.0,daefabcd5b9a6b33c15bbfb51561bd493900dc5a37ad5b75a09f8ca0da89ca3b,,Version 26.6.2 (Build 25G83)
Apple M5 Max,uint32,staggered,8388608,4,cpu-stdsort,135.078,,,,,,,,true,0.4.0,daefabcd5b9a6b33c15bbfb51561bd493900dc5a37ad5b75a09f8ca0da89ca3b,,Version 26.6.2 (Build 25G83)
Apple M5 Max,uint32,staggered,8388608,5,cpu-stdsort,135.216,,,,,,,,true,0.4.0,daefabcd5b9a6b33c15bbfb51561bd493900dc5a37ad5b75a09f8ca0da89ca3b,,Version 26.6.2 (Build 25G83)
Apple M5 Max,uint32,staggered,16777216,1,gpu-quicksort,40.108,32.313,512,4096,4096,24,4372,5,true,0.4.0,daefabcd5b9a6b33c15bbfb51561bd493900dc5a37ad5b75a09f8ca0da89ca3b,Apple M5 Max,Version 26.6.2 (Build 25G83)
Apple M5 Max,uint32,staggered,16777216,2,gpu-quicksort,35.793,29.394,512,4096,4096,22,4211,6,true,0.4.0,daefabcd5b9a6b33c15bbfb51561bd493900dc5a37ad5b75a09f8ca0da89ca3b,Apple M5 Max,Version 26.6.2 (Build 25G83)
Apple M5 Max,uint32,staggered,16777216,3,gpu-quicksort,32.037,25.553,512,4096,4096,22,4096,6,true,0.4.0,daefabcd5b9a6b33c15bbfb51561bd493900dc5a37ad5b75a09f8ca0da89ca3b,Apple M5 Max,Version 26.6.2 (Build 25G83)
Apple M5 Max,uint32,staggered,16777216,4,gpu-quicksort,31.873,25.698,512,4096,4096,22,4239,5,true,0.4.0,daefabcd5b9a6b33c15bbfb51561bd493900dc5a37ad5b75a09f8ca0da89ca3b,Apple M5 Max,Version 26.6.2 (Build 25G83)
Apple M5 Max,uint32,staggered,16777216,5,gpu-quicksort,33.137,26.242,512,4096,4096,24,4376,6,true,0.4.0,daefabcd5b9a6b33c15bbfb51561bd493900dc5a37ad5b75a09f8ca0da89ca3b,Apple M5 Max,Version 26.6.2 (Build 25G83)
Apple M5 Max,uint32,staggered,16777216,1,cpu-swift,1049.811,,,,,,,,true,0.4.0,daefabcd5b9a6b33c15bbfb51561bd493900dc5a37ad5b75a09f8ca0da89ca3b,,Version 26.6.2 (Build 25G83)
Apple M5 Max,uint32,staggered,16777216,2,cpu-swift,1055.027,,,,,,,,true,0.4.0,daefabcd5b9a6b33c15bbfb51561bd493900dc5a37ad5b75a09f8ca0da89ca3b,,Version 26.6.2 (Build 25G83)
Apple M5 Max,uint32,staggered,16777216,3,cpu-swift,1050.690,,,,,,,,true,0.4.0,daefabcd5b9a6b33c15bbfb51561bd493900dc5a37ad5b75a09f8ca0da89ca3b,,Version 26.6.2 (Build 25G83)
Apple M5 Max,uint32,staggered,16777216,4,cpu-swift,1070.488,,,,,,,,true,0.4.0,daefabcd5b9a6b33c15bbfb51561bd493900dc5a37ad5b75a09f8ca0da89ca3b,,Version 26.6.2 (Build 25G83)
Apple M5 Max,uint32,staggered,16777216,5,cpu-swift,1052.305,,,,,,,,true,0.4.0,daefabcd5b9a6b33c15bbfb51561bd493900dc5a37ad5b75a09f8ca0da89ca3b,,Version 26.6.2 (Build 25G83)
Apple M5 Max,uint32,staggered,16777216,1,cpu-qsort,1007.700,,,,,,,,true,0.4.0,daefabcd5b9a6b33c15bbfb51561bd493900dc5a37ad5b75a09f8ca0da89ca3b,,Version 26.6.2 (Build 25G83)
Apple M5 Max,uint32,staggered,16777216,2,cpu-qsort,1000.693,,,,,,,,true,0.4.0,daefabcd5b9a6b33c15bbfb51561bd493900dc5a37ad5b75a09f8ca0da89ca3b,,Version 26.6.2 (Build 25G83)
Apple M5 Max,uint32,staggered,16777216,3,cpu-qsort,1006.114,,,,,,,,true,0.4.0,daefabcd5b9a6b33c15bbfb51561bd493900dc5a37ad5b75a09f8ca0da89ca3b,,Version 26.6.2 (Build 25G83)
Apple M5 Max,uint32,staggered,16777216,4,cpu-qsort,1009.773,,,,,,,,true,0.4.0,daefabcd5b9a6b33c15bbfb51561bd493900dc5a37ad5b75a09f8ca0da89ca3b,,Version 26.6.2 (Build 25G83)
Apple M5 Max,uint32,staggered,16777216,5,cpu-qsort,1023.448,,,,,,,,true,0.4.0,daefabcd5b9a6b33c15bbfb51561bd493900dc5a37ad5b75a09f8ca0da89ca3b,,Version 26.6.2 (Build 25G83)
Apple M5 Max,uint32,staggered,16777216,1,cpu-stdsort,276.385,,,,,,,,true,0.4.0,daefabcd5b9a6b33c15bbfb51561bd493900dc5a37ad5b75a09f8ca0da89ca3b,,Version 26.6.2 (Build 25G83)
Apple M5 Max,uint32,staggered,16777216,2,cpu-stdsort,275.529,,,,,,,,true,0.4.0,daefabcd5b9a6b33c15bbfb51561bd493900dc5a37ad5b75a09f8ca0da89ca3b,,Version 26.6.2 (Build 25G83)
Apple M5 Max,uint32,staggered,16777216,3,cpu-stdsort,275.062,,,,,,,,true,0.4.0,daefabcd5b9a6b33c15bbfb51561bd493900dc5a37ad5b75a09f8ca0da89ca3b,,Version 26.6.2 (Build 25G83)
Apple M5 Max,uint32,staggered,16777216,4,cpu-stdsort,275.985,,,,,,,,true,0.4.0,daefabcd5b9a6b33c15bbfb51561bd493900dc5a37ad5b75a09f8ca0da89ca3b,,Version 26.6.2 (Build 25G83)
Apple M5 Max,uint32,staggered,16777216,5,cpu-stdsort,274.764,,,,,,,,true,0.4.0,daefabcd5b9a6b33c15bbfb51561bd493900dc5a37ad5b75a09f8ca0da89ca3b,,Version 26.6.2 (Build 25G83)
